sid,tid,fid,ss,et,label,score
0,79,20,3,303,1,0.5090084671974182
0,68,10,2,148,0,0.7315590977668762
0,72,5,2,280,1,0.9964402318000793
0,89,10,3,285,1,0.10392753779888153
0,45,10,2,119,1,0.90146404504776
0,76,15,2,51,1,0.9855169653892517
0,40,0,2,327,0,0.7750778794288635
0,32,5,3,104,1,0.936384379863739
0,25,10,2,346,1,0.9880625009536743
0,44,10,2,429,0,0.9923309087753296
0,73,25,2,295,0,0.9971097111701965
0,78,20,3,142,1,0.6451077461242676
0,46,10,2,154,1,0.8145195245742798
0,19,20,3,176,1,0.6915594935417175
0,80,0,2,119,1,0.8244426846504211
0,10,5,2,251,1,0.9445724487304688
0,90,15,3,27,0,0.664618968963623
0,93,15,3,310,1,0.5206161141395569
0,5,0,2,86,1,0.9981685876846313
0,23,25,3,286,1,0.8492856025695801
0,36,10,3,217,0,0.9155511856079102
0,50,25,2,310,1,0.9899911880493164
0,88,25,3,229,1,0.001786999055184424
0,77,5,3,89,1,0.6127838492393494
0,43,15,3,413,1,0.7886796593666077
0,82,25,3,206,1,0.7255323529243469
0,11,10,2,274,0,0.9952701926231384
0,11,20,2,274,0,0.9953376054763794
0,1,10,3,65,0,0.7544599175453186
0,75,5,2,348,0,0.9915414452552795
0,57,15,3,155,1,0.8702099323272705
0,16,15,2,385,1,0.9926170706748962
0,36,5,3,217,0,0.9120576977729797
0,49,15,3,251,0,0.6672461628913879
0,63,25,2,38,1,0.9358978867530823
0,75,0,2,348,0,0.9708805680274963
0,61,5,2,269,1,0.18545202910900116
0,87,0,3,195,0,0.0016136434860527515
0,48,5,3,29,1,0.9925892353057861
0,11,5,2,274,0,0.9982411861419678
0,76,10,2,51,1,0.9876958131790161
0,15,15,2,371,1,0.8855171799659729
0,60,5,2,251,1,0.8185803890228271
0,34,5,2,157,1,0.9108217358589172
0,13,20,3,308,1,0.3134171664714813
0,66,0,2,77,1,0.13402602076530457
0,13,25,3,308,1,0.39242613315582275
0,24,0,3,325,1,0.3394031822681427
0,87,20,3,195,0,0.14736302196979523
0,86,5,3,174,0,0.002788334619253874
0,30,0,2,46,1,0.949735701084137
0,20,25,3,193,0,0.6860322952270508
0,30,20,2,46,1,0.5939940214157104
0,74,15,3,312,1,0.8892949223518372
0,60,10,2,251,1,0.6819679141044617
0,40,25,2,327,0,0.9298903942108154
0,24,20,3,325,1,0.954011082649231
0,27,10,3,366,1,0.9258865714073181
0,54,0,2,99,1,0.9641428589820862
0,5,20,2,86,1,0.9986876845359802
0,45,20,2,119,1,0.9604265093803406
0,74,10,3,312,1,0.9455620646476746
0,85,15,2,107,1,0.3324366807937622
0,41,10,2,344,0,0.9941230416297913
0,55,10,2,119,1,0.9538183212280273
0,80,5,2,119,1,0.892178475856781
0,70,0,2,181,0,0.9880055785179138
0,81,10,2,183,1,0.970206618309021
0,9,0,2,230,1,0.9905030727386475
0,50,0,2,310,1,0.9617340564727783
0,57,25,3,155,1,0.698138415813446
0,25,25,2,346,1,0.9390624165534973
0,46,5,2,154,1,0.38978248834609985
0,72,25,2,280,1,0.9966331124305725
0,75,15,2,348,0,0.9905151128768921
0,90,10,3,27,0,0.7324537038803101
0,78,10,3,142,1,0.6439308524131775
0,68,15,2,148,0,0.840574324131012
0,59,10,2,235,1,0.49678537249565125
0,92,10,3,82,0,0.7626668810844421
0,10,0,2,251,1,0.991075873374939
0,91,20,3,62,0,0.8358960151672363
0,4,25,2,38,1,0.9962869882583618
0,0,0,3,28,1,0.6383603811264038
0,45,5,2,119,1,0.9545765519142151
0,64,20,2,374,1,0.4394262433052063
0,24,15,3,325,1,0.7961471080780029
0,65,5,2,59,1,0.9574918150901794
0,54,10,2,99,1,0.9714586734771729
0,66,10,2,77,1,0.484163761138916
0,26,25,2,30,1,0.9512534737586975
0,13,15,3,308,1,0.5495368242263794
0,33,15,2,120,1,0.9566284418106079
0,76,5,2,51,1,0.761538028717041
0,4,10,2,38,1,0.9766682982444763
0,40,5,2,327,0,0.5674903988838196
0,52,0,2,374,1,0.9129684567451477
0,63,10,2,38,1,0.4083644151687622
0,32,0,3,104,1,0.9445525407791138
0,25,5,2,346,1,0.994917631149292
0,40,10,2,327,0,0.5737259387969971
0,73,10,2,295,0,0.9907552599906921
0,3,10,3,306,1,0.9725586175918579
0,3,15,3,306,1,0.9612665772438049
0,1,0,3,65,0,0.8330836296081543
0,8,5,2,208,1,0.9981827735900879
0,71,20,3,200,0,0.31731951236724854
0,65,0,2,59,1,0.9860002398490906
0,42,10,2,385,1,0.9242710471153259
0,78,15,3,142,1,0.7046072483062744
0,22,15,2,250,1,0.4523228406906128
0,38,20,3,278,1,0.9281795024871826
0,41,25,2,344,0,0.9774437546730042
0,2,25,3,156,0,0.6374776363372803
0,28,5,2,404,1,0.8024088144302368
0,27,20,3,366,1,0.9830448627471924
0,9,25,2,230,1,0.9832271337509155
0,1,15,3,65,0,0.7461039423942566
0,91,5,3,62,0,0.7673437595367432
0,58,10,2,179,0,0.43026962876319885
0,9,15,2,230,1,0.9896776676177979
0,17,20,2,416,1,0.9909787178039551
0,88,5,3,229,1,0.0012537058210000396
0,22,20,2,250,1,0.8265342712402344
0,10,20,2,251,1,0.9938283562660217
0,65,15,2,59,1,0.8528809547424316
0,59,25,2,235,1,0.35840272903442383
0,7,15,2,193,1,0.9312572479248047
0,56,5,2,135,1,0.9603409767150879
0,86,25,3,174,0,0.0029385355301201344
0,79,15,3,303,1,0.6328099370002747
0,70,15,2,181,0,0.8409216403961182
0,68,0,2,148,0,0.1774088591337204
0,80,10,2,119,1,0.9272007942199707
0,56,15,2,135,1,0.9532634615898132
0,1,20,3,65,0,0.870247483253479
0,91,10,3,62,0,0.8997767567634583
0,78,5,3,142,1,0.8230134844779968
0,82,15,3,206,1,0.34316855669021606
0,84,0,2,374,1,0.39312297105789185
0,43,20,3,413,1,0.8345593810081482
0,25,20,2,346,1,0.9790061116218567
0,12,15,2,289,1,0.8607177734375
0,50,5,2,310,1,0.9904013276100159
0,58,15,2,179,0,0.6022107005119324
0,64,0,2,374,1,0.3656673729419708
0,89,20,3,285,1,0.0010948292911052704
0,29,0,2,426,1,0.9879204034805298
0,82,20,3,206,1,0.6259311437606812
0,87,25,3,195,0,0.03189682215452194
0,31,15,2,88,1,0.8435760736465454
0,22,0,2,250,1,0.9009642601013184
0,81,15,2,183,1,0.9921621680259705
0,53,10,2,393,1,0.9936174154281616
0,65,20,2,59,1,0.9806240200996399
0,69,0,2,14,1,0.9384024739265442
0,1,5,3,65,0,0.8830697536468506
0,36,25,3,217,0,0.42010053992271423
0,54,20,2,99,1,0.6371920108795166
0,30,15,2,46,1,0.8404130339622498
0,2,0,3,156,0,0.7217561602592468
0,45,0,2,119,1,0.9644174575805664
0,75,10,2,348,0,0.9831929206848145
0,6,15,2,170,1,0.9747026562690735
0,72,10,2,280,1,0.9914473295211792
0,56,20,2,135,1,0.9811582565307617
0,53,0,2,393,1,0.991280734539032
0,67,25,2,116,0,0.05401618406176567
0,92,25,3,82,0,0.6689784526824951
0,66,20,2,77,1,0.23600763082504272
0,38,15,3,278,1,0.758655846118927
0,24,25,3,325,1,0.7723767757415771
0,89,5,3,285,1,0.018755724653601646
0,7,5,2,193,1,0.8802530169487
0,67,10,2,116,0,0.23983943462371826
0,82,5,3,206,1,0.42193150520324707
0,14,25,2,337,0,0.9521355032920837
0,55,25,2,119,1,0.9090081453323364
0,10,10,2,251,1,0.8727138042449951
0,3,25,3,306,1,0.949203610420227
0,83,10,2,241,1,0.6214027404785156
0,27,25,3,366,1,0.7615768313407898
0,59,20,2,235,1,0.539958119392395
0,51,20,2,355,1,0.9222904443740845
0,12,5,2,289,1,0.912427544593811
0,0,10,3,28,1,0.7946275472640991
0,67,20,2,116,0,0.10507573932409286
0,32,15,3,104,1,0.5348455309867859
0,37,25,2,266,1,0.8961557149887085
0,75,25,2,348,0,0.9925670623779297
0,81,0,2,183,1,0.9883300065994263
0,18,15,2,435,1,0.7475820183753967
0,6,0,2,170,1,0.9956703186035156
0,66,15,2,77,1,0.6149571537971497
0,22,25,2,250,1,0.5873383283615112
0,45,15,2,119,1,0.9543298482894897
0,6,25,2,170,1,0.9934817552566528
0,19,5,3,176,1,0.7194467186927795
0,3,20,3,306,1,0.9540035128593445
0,35,20,2,17,1,0.9942111372947693
0,48,25,3,29,1,0.9687332510948181
0,21,10,2,211,1,0.9789421558380127
0,93,5,3,310,1,0.6405349969863892
0,0,20,3,28,1,0.47899526357650757
0,73,20,2,295,0,0.990454375743866
0,55,15,2,119,1,0.9421720504760742
0,21,20,2,211,1,0.7774877548217773
0,26,0,2,30,1,0.9934898614883423
0,64,10,2,374,1,0.5923435688018799
0,37,5,2,266,1,0.810123085975647
0,86,10,3,174,0,0.019990792497992516
0,70,20,2,181,0,0.950509250164032
0,46,15,2,154,1,0.7294506430625916
0,48,0,3,29,1,0.9946891069412231
0,18,0,2,435,1,0.9911569356918335
0,69,20,2,14,1,0.9590284824371338
0,3,0,3,306,1,0.9794305562973022
0,8,15,2,208,1,0.9756681323051453
0,17,0,2,416,1,0.973412275314331
0,85,25,2,107,1,0.04781779646873474
0,35,5,2,17,1,0.9940440058708191
0,8,20,2,208,1,0.9878835082054138
0,5,15,2,86,1,0.9974122643470764
0,90,25,3,27,0,0.7558394074440002
0,28,15,2,404,1,0.6332169771194458
0,36,0,3,217,0,0.7518752813339233
0,91,15,3,62,0,0.8785654306411743
0,32,10,3,104,1,0.9481570720672607
0,13,5,3,308,1,0.7203220725059509
0,29,5,2,426,1,0.9033536314964294
0,71,0,3,200,0,0.5739710927009583
0,80,25,2,119,1,0.9735002517700195
0,49,0,3,251,0,0.6269207000732422
0,19,25,3,176,1,0.4928416311740875
0,2,10,3,156,0,0.6211212873458862
0,58,20,2,179,0,0.7458336353302002
0,26,5,2,30,1,0.9943337440490723
0,42,20,2,385,1,0.7125357389450073
0,74,25,3,312,1,0.6740978360176086
0,76,20,2,51,1,0.9903135299682617
0,7,20,2,193,1,0.9778646230697632
0,69,5,2,14,1,0.921955943107605
0,87,15,3,195,0,0.028436744585633278
0,67,15,2,116,0,0.08686628937721252
0,49,5,3,251,0,0.9192847013473511
0,90,0,3,27,0,0.8569749593734741
0,6,10,2,170,1,0.9831373691558838
0,41,15,2,344,0,0.9960212111473083
0,60,0,2,251,1,0.7276747226715088
0,49,20,3,251,0,0.8392213582992554
0,47,10,2,177,1,0.9833925366401672
0,41,0,2,344,0,0.9609293937683105
0,61,15,2,269,1,0.12130505591630936
0,61,25,2,269,1,0.25741323828697205
0,91,0,3,62,0,0.5871981382369995
0,58,0,2,179,0,0.3093704879283905
0,47,20,2,177,1,0.9822606444358826
0,0,5,3,28,1,0.7753766179084778
0,56,25,2,135,1,0.9476246237754822
0,83,5,2,241,1,0.44344934821128845
0,31,10,2,88,1,0.9868587255477905
0,52,20,2,374,1,0.9797042608261108
0,8,0,2,208,1,0.9932978749275208
0,49,10,3,251,0,0.7629850506782532
0,43,10,3,413,1,0.7251064777374268
0,16,0,2,385,1,0.9822818040847778
0,27,15,3,366,1,0.9801076650619507
0,60,25,2,251,1,0.2665034532546997
0,82,0,3,206,1,0.5425094962120056
0,56,10,2,135,1,0.9321335554122925
0,15,20,2,371,1,0.9238863587379456
0,72,20,2,280,1,0.9952349066734314
0,93,20,3,310,1,0.5050045251846313
0,39,5,3,308,1,0.6738421320915222
0,62,0,2,342,1,0.9702389240264893
0,50,10,2,310,1,0.9876399636268616
0,17,10,2,416,1,0.9625115990638733
0,16,20,2,385,1,0.992983341217041
0,64,5,2,374,1,0.267896443605423
0,11,25,2,274,0,0.9980347752571106
0,34,20,2,157,1,0.3108656108379364
0,9,5,2,230,1,0.9746057391166687
0,35,15,2,17,1,0.9976856708526611
0,38,0,3,278,1,0.8711618185043335
0,64,25,2,374,1,0.11220904439687729
0,83,20,2,241,1,0.5012769103050232
0,46,0,2,154,1,0.716416597366333
0,69,25,2,14,1,0.9337944388389587
0,27,0,3,366,1,0.9293711185455322
0,40,20,2,327,0,0.5053777098655701
0,68,20,2,148,0,0.3012755811214447
0,84,25,2,374,1,0.6465067267417908
0,54,15,2,99,1,0.947394847869873
0,24,10,3,325,1,0.10063939541578293
0,28,25,2,404,1,0.9863463044166565
0,11,15,2,274,0,0.9948964715003967
0,46,20,2,154,1,0.43650269508361816
0,12,25,2,289,1,0.9197889566421509
0,59,15,2,235,1,0.4455708861351013
0,23,15,3,286,1,0.592443585395813
0,25,15,2,346,1,0.9744413495063782
0,5,25,2,86,1,0.9783233404159546
0,65,10,2,59,1,0.9430213570594788
0,39,10,3,308,1,0.7107710838317871
0,36,20,3,217,0,0.5724285244941711
0,41,5,2,344,0,0.9864346981048584
0,44,15,2,429,0,0.9879730939865112
0,53,5,2,393,1,0.9906296133995056
0,56,0,2,135,1,0.9323017597198486
0,84,5,2,374,1,0.3283447325229645
0,83,15,2,241,1,0.9066876769065857
0,4,20,2,38,1,0.9930520057678223
0,66,5,2,77,1,0.5297449231147766
0,7,0,2,193,1,0.9496919512748718
0,59,0,2,235,1,0.5006994009017944
0,46,25,2,154,1,0.576579749584198
0,71,25,3,200,0,0.22328446805477142
0,51,10,2,355,1,0.9399719834327698
0,93,10,3,310,1,0.6996257901191711
0,86,20,3,174,0,0.026691636070609093
0,52,10,2,374,1,0.9775295257568359
0,29,15,2,426,1,0.9245578050613403
0,63,5,2,38,1,0.9818021655082703
0,57,10,3,155,1,0.644921600818634
0,35,0,2,17,1,0.9960498213768005
0,38,25,3,278,1,0.8705887198448181
0,44,25,2,429,0,0.6051366329193115
0,79,10,3,303,1,0.7305703163146973
0,55,0,2,119,1,0.9915095567703247
0,62,10,2,342,1,0.9531956911087036
0,4,5,2,38,1,0.9940183162689209
0,88,20,3,229,1,0.0018441377906128764
0,24,5,3,325,1,0.3110979199409485
0,16,5,2,385,1,0.9675767421722412
0,48,15,3,29,1,0.9953302145004272
0,11,0,2,274,0,0.9936390519142151
0,52,15,2,374,1,0.9906291365623474
0,20,10,3,193,0,0.8654042482376099
0,84,10,2,374,1,0.33648279309272766
0,42,5,2,385,1,0.984261155128479
0,79,0,3,303,1,0.5329729914665222
0,51,0,2,355,1,0.9314132928848267
0,84,20,2,374,1,0.4426630437374115
0,88,15,3,229,1,0.0018059414578601718
0,85,0,2,107,1,0.00479139992967248
0,22,5,2,250,1,0.7908528447151184
0,38,5,3,278,1,0.8135042190551758
0,3,5,3,306,1,0.9780022501945496
0,4,0,2,38,1,0.997572124004364
0,50,20,2,310,1,0.9906615614891052
0,15,25,2,371,1,0.8024080991744995
0,53,20,2,393,1,0.9825592041015625
0,28,20,2,404,1,0.9861857891082764
0,39,0,3,308,1,0.7458434104919434
0,85,5,2,107,1,0.0048480890691280365
0,66,25,2,77,1,0.4881118834018707
0,33,5,2,120,1,0.9958398342132568
0,37,15,2,266,1,0.9555153846740723
0,84,15,2,374,1,0.4480845630168915
0,88,10,3,229,1,0.01582087203860283
0,26,20,2,30,1,0.9801069498062134
0,29,20,2,426,1,0.8078171014785767
0,29,10,2,426,1,0.7091675400733948
0,47,0,2,177,1,0.6873544454574585
0,60,20,2,251,1,0.6045202612876892
0,32,20,3,104,1,0.3494720757007599
0,14,15,2,337,0,0.7839157581329346
0,28,10,2,404,1,0.40046218037605286
0,12,0,2,289,1,0.7632849812507629
0,13,0,3,308,1,0.8026148676872253
0,67,5,2,116,0,0.6577633619308472
0,81,20,2,183,1,0.989623486995697
0,21,0,2,211,1,0.9919036030769348
0,39,15,3,308,1,0.8270548582077026
0,33,0,2,120,1,0.9968642592430115
0,62,15,2,342,1,0.4719819724559784
0,18,20,2,435,1,0.2160845845937729
0,20,0,3,193,0,0.7554315328598022
0,47,15,2,177,1,0.9842607378959656
0,7,10,2,193,1,0.9763636589050293
0,34,15,2,157,1,0.20705769956111908
0,0,25,3,28,1,0.5670936703681946
0,40,15,2,327,0,0.4970403015613556
0,73,0,2,295,0,0.9930062294006348
0,20,20,3,193,0,0.6740103363990784
0,1,25,3,65,0,0.9305062890052795
0,68,5,2,148,0,0.7294001579284668
0,14,0,2,337,0,0.9914559721946716
0,44,5,2,429,0,0.9810361862182617
0,14,20,2,337,0,0.9714943766593933
0,83,0,2,241,1,0.4679878354072571
0,51,15,2,355,1,0.8405218124389648
0,79,5,3,303,1,0.7446388006210327
0,90,5,3,27,0,0.8355374336242676
0,44,20,2,429,0,0.9058497548103333
0,35,25,2,17,1,0.9940429329872131
0,4,15,2,38,1,0.9864498972892761
0,8,25,2,208,1,0.9795066118240356
0,73,5,2,295,0,0.992254376411438
0,21,25,2,211,1,0.5408591628074646
0,74,0,3,312,1,0.7388464212417603
0,10,25,2,251,1,0.9780941605567932
0,52,25,2,374,1,0.9964309930801392
0,30,10,2,46,1,0.9094122648239136
0,6,20,2,170,1,0.9959492683410645
0,17,15,2,416,1,0.9814702868461609
0,77,10,3,89,1,0.514714241027832
0,74,20,3,312,1,0.5178571343421936
0,57,0,3,155,1,0.9145450592041016
0,23,0,3,286,1,0.9088160991668701
0,19,15,3,176,1,0.5903811454772949
0,47,5,2,177,1,0.8592815399169922
0,43,5,3,413,1,0.6889744400978088
0,37,20,2,266,1,0.9640539884567261
0,30,5,2,46,1,0.9772899150848389
0,89,0,3,285,1,0.01884082518517971
0,26,15,2,30,1,0.977388858795166
0,36,15,3,217,0,0.8710069060325623
0,71,5,3,200,0,0.5822640657424927
0,57,20,3,155,1,0.8984642028808594
0,8,10,2,208,1,0.9911371469497681
0,82,10,3,206,1,0.16793720424175262
0,12,20,2,289,1,0.9528829455375671
0,64,15,2,374,1,0.7547202110290527
0,44,0,2,429,0,0.971362829208374
0,20,15,3,193,0,0.908522367477417
0,37,10,2,266,1,0.93011474609375
0,32,25,3,104,1,0.484497994184494
0,31,5,2,88,1,0.9952326416969299
0,53,25,2,393,1,0.99273282289505
0,73,15,2,295,0,0.9882493019104004
0,16,10,2,385,1,0.9883869290351868
0,81,25,2,183,1,0.9950769543647766
0,42,0,2,385,1,0.9507620930671692
0,19,0,3,176,1,0.5173693895339966
0,39,25,3,308,1,0.9176189303398132
0,31,20,2,88,1,0.9653548002243042
0,18,5,2,435,1,0.8940348029136658
0,43,0,3,413,1,0.8766321539878845
0,76,25,2,51,1,0.9921951293945312
0,45,25,2,119,1,0.9333984851837158
0,31,25,2,88,1,0.6955515742301941
0,81,5,2,183,1,0.9679139256477356
0,2,20,3,156,0,0.7626057863235474
0,72,0,2,280,1,0.9947929978370667
0,37,0,2,266,1,0.8296258449554443
0,33,25,2,120,1,0.9435794353485107
0,90,20,3,27,0,0.7391850352287292
0,31,0,2,88,1,0.9957465529441833
0,39,20,3,308,1,0.8555442690849304
0,92,5,3,82,0,0.8571431636810303
0,69,15,2,14,1,0.8743748664855957
0,2,5,3,156,0,0.6181958317756653
0,80,15,2,119,1,0.8789607286453247
0,67,0,2,116,0,0.7700691223144531
0,42,25,2,385,1,0.9153223633766174
0,54,5,2,99,1,0.8637002110481262
0,75,20,2,348,0,0.9916229844093323
0,77,0,3,89,1,0.560084342956543
0,25,0,2,346,1,0.9944612979888916
0,68,25,2,148,0,0.06441749632358551
0,17,5,2,416,1,0.9016111493110657
0,34,0,2,157,1,0.9481143951416016
0,15,0,2,371,1,0.9907459020614624
0,71,10,3,200,0,0.3476068079471588
0,61,10,2,269,1,0.16453425586223602
0,91,25,3,62,0,0.8129715323448181
0,74,5,3,312,1,0.9177871942520142
0,89,15,3,285,1,0.02316761016845703
0,78,0,3,142,1,0.7162080407142639
0,76,0,2,51,1,0.9887750148773193
0,62,20,2,342,1,0.645913302898407
0,80,20,2,119,1,0.9634254574775696
0,62,5,2,342,1,0.8375753164291382
0,63,20,2,38,1,0.8788900971412659
0,77,15,3,89,1,0.684769332408905
0,60,15,2,251,1,0.4092777371406555
0,23,20,3,286,1,0.6991267800331116
0,58,5,2,179,0,0.08075215667486191
0,12,10,2,289,1,0.9140720367431641
0,22,10,2,250,1,0.4263041913509369
0,35,10,2,17,1,0.9970560073852539
0,92,20,3,82,0,0.7488781213760376
0,92,15,3,82,0,0.6950244307518005
0,72,15,2,280,1,0.9649733901023865
0,9,20,2,230,1,0.9796726703643799
0,88,0,3,229,1,0.0004327816131990403
0,7,25,2,193,1,0.993544340133667
0,33,10,2,120,1,0.9718828797340393
0,57,5,3,155,1,0.8399344682693481
0,14,10,2,337,0,0.799731969833374
0,6,5,2,170,1,0.9921466708183289
0,34,25,2,157,1,0.7925112843513489
0,59,5,2,235,1,0.14270572364330292
0,43,25,3,413,1,0.9338580965995789
0,48,10,3,29,1,0.9954397678375244
0,83,25,2,241,1,0.44556713104248047
0,34,10,2,157,1,0.5348515510559082
0,65,25,2,59,1,0.9651334285736084
0,21,15,2,211,1,0.8798972964286804
0,61,20,2,269,1,0.389408141374588
0,14,5,2,337,0,0.9848476052284241
0,38,10,3,278,1,0.8897492289543152
0,2,15,3,156,0,0.8326981663703918
0,41,20,2,344,0,0.9967461824417114
0,55,5,2,119,1,0.9627318382263184
0,19,10,3,176,1,0.7829734683036804
0,13,10,3,308,1,0.5979971289634705
0,93,25,3,310,1,0.8885490894317627
0,86,15,3,174,0,0.15564188361167908
0,87,5,3,195,0,0.007162984926253557
0,58,25,2,179,0,0.6515210270881653
0,28,0,2,404,1,0.9719029664993286
0,49,25,3,251,0,0.5072179436683655
0,26,10,2,30,1,0.9881617426872253
0,51,25,2,355,1,0.9962664246559143
0,54,25,2,99,1,0.8241376876831055
0,53,15,2,393,1,0.9913399815559387
0,9,10,2,230,1,0.9890798926353455
0,86,0,3,174,0,0.00023603206500411034
0,27,5,3,366,1,0.9734640121459961
0,47,25,2,177,1,0.9417645931243896
0,70,25,2,181,0,0.9858432412147522
0,93,0,3,310,1,0.6173080801963806
0,85,10,2,107,1,0.016314096748828888
0,23,10,3,286,1,0.8122575283050537
0,15,5,2,371,1,0.9710416197776794
0,5,5,2,86,1,0.9943135976791382
0,78,25,3,142,1,0.589619517326355
0,92,0,3,82,0,0.798019289970398
0,89,25,3,285,1,0.0005775974132120609
0,10,15,2,251,1,0.9960089921951294
0,77,20,3,89,1,0.645529568195343
0,0,15,3,28,1,0.5127703547477722
0,52,5,2,374,1,0.9915807843208313
0,51,5,2,355,1,0.8025978207588196
0,69,10,2,14,1,0.9448556303977966
0,42,15,2,385,1,0.7935659885406494
0,30,25,2,46,1,0.42393264174461365
0,33,20,2,120,1,0.9211642742156982
0,18,10,2,435,1,0.9316238760948181
0,29,25,2,426,1,0.8388707041740417
0,15,10,2,371,1,0.9621595144271851
0,87,10,3,195,0,0.01556134968996048
0,17,25,2,416,1,0.9924622774124146
0,70,10,2,181,0,0.7922152280807495
0,20,5,3,193,0,0.35833483934402466
0,48,20,3,29,1,0.9707784056663513
0,23,5,3,286,1,0.8042354583740234
0,85,20,2,107,1,0.3717280924320221
0,50,15,2,310,1,0.9928174018859863
0,63,0,2,38,1,0.9665864109992981
0,77,25,3,89,1,0.7223867774009705
0,5,10,2,86,1,0.9822947978973389
0,61,0,2,269,1,0.14540252089500427
0,16,25,2,385,1,0.9949132204055786
0,55,20,2,119,1,0.7350610494613647
0,79,25,3,303,1,0.08863744139671326
0,62,25,2,342,1,0.8079659342765808
0,71,15,3,200,0,0.10055375844240189
0,21,5,2,211,1,0.9924541115760803
0,18,25,2,435,1,0.8664405345916748
0,70,5,2,181,0,0.9408685564994812
0,63,15,2,38,1,0.6451961398124695
1,21,10,2,376,1,0.7053858041763306
1,25,20,2,186,1,0.4100324511528015
1,10,20,2,239,0,0.42162689566612244
1,26,20,2,269,0,0.7953429222106934
1,28,0,2,414,1,0.32493314146995544
1,47,15,3,169,0,0.11099669337272644
1,20,20,2,326,1,0.8234893083572388
1,9,0,2,218,0,0.755576491355896
1,7,20,3,159,0,0.5918685793876648
1,33,25,3,271,0,0.43535539507865906
1,36,10,2,122,1,0.44095420837402344
1,22,15,3,65,1,0.3783479332923889
1,9,20,2,218,0,0.41002628207206726
1,1,0,2,297,1,0.8117209076881409
1,37,5,2,137,1,0.7031136155128479
1,32,20,3,252,0,0.3053264915943146
1,27,10,2,393,0,0.4180642068386078
1,30,10,3,114,0,0.3058919906616211
1,7,15,3,159,0,0.6989089250564575
1,3,20,2,432,0,0.6862890720367432
1,22,10,3,65,1,0.13627409934997559
1,16,10,2,78,0,0.04259278252720833
1,44,25,2,47,1,0.4527892470359802
1,0,25,3,251,0,0.20853938162326813
1,14,20,3,54,0,0.008449317887425423
1,43,10,2,378,1,0.8701483607292175
1,45,0,3,102,0,0.37545347213745117
1,10,25,2,239,0,0.18484875559806824
1,13,15,2,337,1,0.26448893547058105
1,26,10,2,269,0,0.4258905351161957
1,32,0,3,252,0,0.25190305709838867
1,11,0,2,180,0,0.054060958325862885
1,18,10,2,128,0,0.14920997619628906
1,46,0,2,128,1,0.13774031400680542
1,27,0,2,393,0,0.38286346197128296
1,33,0,3,271,0,0.5740812420845032
1,4,20,2,447,0,0.7213225960731506
1,41,0,2,317,1,0.39906245470046997
1,35,25,3,313,0,0.18782134354114532
1,43,25,2,378,1,0.3623185157775879
1,6,15,3,118,1,0.5259979963302612
1,25,25,2,186,1,0.4357728660106659
1,8,5,2,179,1,0.6113359332084656
1,19,25,3,166,0,0.07372719794511795
1,0,5,3,251,0,0.12709571421146393
1,0,0,3,251,0,0.10114122927188873
1,46,25,2,128,1,0.31498950719833374
1,37,10,2,137,1,0.7779695391654968
1,37,15,2,137,1,0.6847046613693237
1,13,20,2,337,1,0.4517946243286133
1,4,25,2,447,0,0.5114031434059143
1,26,15,2,269,0,0.32650020718574524
1,21,25,2,376,1,0.7090333700180054
1,1,5,2,297,1,0.747844398021698
1,6,20,3,118,1,0.5272072553634644
1,2,5,2,359,0,0.6618912220001221
1,14,15,3,54,0,0.02168230339884758
1,35,5,3,313,0,0.08278922736644745
1,20,5,2,326,1,0.7094840407371521
1,19,20,3,166,0,0.04068027809262276
1,34,0,3,292,0,0.29414308071136475
1,12,15,2,249,1,0.6487712860107422
1,18,5,2,128,0,0.08120811730623245
1,31,10,3,128,0,0.4461292326450348
1,47,20,3,169,0,0.12697869539260864
1,42,15,2,340,1,0.7839545607566833
1,6,25,3,118,1,0.32165005803108215
1,15,10,3,65,0,0.025040872395038605
1,20,15,2,326,1,0.804141104221344
1,20,10,2,326,1,0.6133546829223633
1,10,5,2,239,0,0.27666306495666504
1,5,5,2,489,1,0.8828836679458618
1,32,5,3,252,0,0.4281032383441925
1,40,25,3,257,0,0.24471722543239594
1,38,5,2,155,1,0.8065372705459595
1,31,25,3,128,0,0.0998411476612091
1,22,25,3,65,1,0.33798423409461975
1,30,15,3,114,0,0.166096031665802
1,30,5,3,114,0,0.27391982078552246
1,33,5,3,271,0,0.5190451145172119
1,21,20,2,376,1,0.7196248769760132
1,29,20,2,468,1,0.8818988800048828
1,32,10,3,252,0,0.4231437146663666
1,45,5,3,102,0,0.14547646045684814
1,14,10,3,54,0,0.04481805860996246
1,31,5,3,128,0,0.5506500005722046
1,32,25,3,252,0,0.06695563346147537
1,44,10,2,47,1,0.5026607513427734
1,38,20,2,155,1,0.3382154405117035
1,40,0,3,257,0,0.13983146846294403
1,46,20,2,128,1,0.381512314081192
1,18,25,2,128,0,0.1198328286409378
1,1,25,2,297,1,0.5791738629341125
1,8,25,2,179,1,0.43065857887268066
1,20,25,2,326,1,0.8512410521507263
1,13,10,2,337,1,0.32888394594192505
1,23,20,2,108,1,0.768441915512085
1,12,20,2,249,1,0.33672022819519043
1,23,25,2,108,1,0.6229471564292908
1,33,15,3,271,0,0.6398518681526184
1,42,25,2,340,1,0.5134344696998596
1,36,15,2,122,1,0.45108938217163086
1,28,20,2,414,1,0.5100711584091187
1,22,5,3,65,1,0.05156774818897247
1,44,0,2,47,1,0.23199522495269775
1,26,0,2,269,0,0.7606417536735535
1,15,20,3,65,0,0.0231796707957983
1,13,0,2,337,1,0.3881433308124542
1,7,25,3,159,0,0.5159146189689636
1,13,25,2,337,1,0.37894129753112793
1,21,5,2,376,1,0.48176515102386475
1,5,20,2,489,1,0.9054372310638428
1,10,15,2,239,0,0.2200039178133011
1,18,15,2,128,0,0.12119460850954056
1,11,20,2,180,0,0.10021200776100159
1,18,20,2,128,0,0.31439605355262756
1,3,15,2,432,0,0.6982572078704834
1,38,10,2,155,1,0.7044715881347656
1,2,0,2,359,0,0.6328083872795105
1,8,20,2,179,1,0.4901452660560608
1,1,20,2,297,1,0.6414384841918945
1,11,10,2,180,0,0.009040160104632378
1,22,0,3,65,1,0.12610869109630585
1,11,25,2,180,0,0.04305014759302139
1,47,0,3,169,0,0.4277757406234741
1,36,25,2,122,1,0.5298717617988586
1,6,0,3,118,1,0.3501499891281128
1,46,15,2,128,1,0.17540277540683746
1,3,5,2,432,0,0.8059231042861938
1,29,0,2,468,1,0.2361205667257309
1,43,20,2,378,1,0.857977032661438
1,17,5,3,102,1,0.015014579519629478
1,7,10,3,159,0,0.2812385559082031
1,27,25,2,393,0,0.5873492956161499
1,33,20,3,271,0,0.5473005771636963
1,46,5,2,128,1,0.20983396470546722
1,21,15,2,376,1,0.7624395489692688
1,34,25,3,292,0,0.6290367841720581
1,42,5,2,340,1,0.6527319550514221
1,41,5,2,317,1,0.4989481270313263
1,25,0,2,186,1,0.30615681409835815
1,47,25,3,169,0,0.17470501363277435
1,40,10,3,257,0,0.7089178562164307
1,41,10,2,317,1,0.3200948238372803
1,39,25,2,168,1,0.4559735357761383
1,23,10,2,108,1,0.7184099555015564
1,20,0,2,326,1,0.901233434677124
1,28,15,2,414,1,0.17939628660678864
1,9,25,2,218,0,0.6729126572608948
1,34,20,3,292,0,0.48019877076148987
1,25,5,2,186,1,0.368534654378891
1,30,20,3,114,0,0.15076828002929688
1,25,15,2,186,1,0.44707733392715454
1,25,10,2,186,1,0.3386078476905823
1,11,5,2,180,0,0.040480341762304306
1,41,15,2,317,1,0.31895264983177185
1,39,20,2,168,1,0.4773534834384918
1,5,0,2,489,1,0.8129209876060486
1,42,20,2,340,1,0.8103675246238708
1,41,25,2,317,1,0.6121101379394531
1,4,15,2,447,0,0.6018655300140381
1,0,15,3,251,0,0.3406129479408264
1,35,15,3,313,0,0.3860064148902893
1,17,0,3,102,1,0.005796986166387796
1,38,15,2,155,1,0.3365108072757721
1,37,20,2,137,1,0.5419581532478333
1,9,5,2,218,0,0.7121579051017761
1,39,5,2,168,1,0.9058694839477539
1,6,10,3,118,1,0.4044977128505707
1,34,10,3,292,0,0.24232366681098938
1,39,10,2,168,1,0.8917713761329651
1,47,5,3,169,0,0.3617978096008301
1,0,20,3,251,0,0.27649545669555664
1,7,0,3,159,0,0.7705071568489075
1,1,15,2,297,1,0.7723135948181152
1,8,10,2,179,1,0.6633367538452148
1,40,15,3,257,0,0.7499562501907349
1,28,5,2,414,1,0.49199390411376953
1,10,10,2,239,0,0.2708909213542938
1,12,5,2,249,1,0.03581145778298378
1,36,20,2,122,1,0.424264132976532
1,39,0,2,168,1,0.829961359500885
1,40,20,3,257,0,0.4293525815010071
1,17,10,3,102,1,0.024988265708088875
1,5,25,2,489,1,0.7902137637138367
1,16,20,2,78,0,0.01850144937634468
1,28,10,2,414,1,0.4089234173297882
1,11,15,2,180,0,0.019032085314393044
1,46,10,2,128,1,0.22923755645751953
1,31,15,3,128,0,0.19128549098968506
1,16,5,2,78,0,0.08498866111040115
1,16,0,2,78,0,0.04146714508533478
1,23,0,2,108,1,0.5312439799308777
1,24,5,2,127,1,0.6322802901268005
1,29,25,2,468,1,0.8434790968894958
1,24,10,2,127,1,0.7955917716026306
1,9,10,2,218,0,0.436527818441391
1,28,25,2,414,1,0.626239001750946
1,3,0,2,432,0,0.7396892309188843
1,12,25,2,249,1,0.28536996245384216
1,44,20,2,47,1,0.2384503334760666
1,14,25,3,54,0,0.002925984561443329
1,41,20,2,317,1,0.3270909786224365
1,24,25,2,127,1,0.7981078028678894
1,21,0,2,376,1,0.6485400795936584
1,12,0,2,249,1,0.035753022879362106
1,45,25,3,102,0,0.10877964645624161
1,26,25,2,269,0,0.9122900366783142
1,5,15,2,489,1,0.8314365148544312
1,29,15,2,468,1,0.7882011532783508
1,4,10,2,447,0,0.2541651427745819
1,1,10,2,297,1,0.5241940021514893
1,19,5,3,166,0,0.037925105541944504
1,8,0,2,179,1,0.633667528629303
1,42,0,2,340,1,0.7266987562179565
1,16,25,2,78,0,0.025876276195049286
1,40,5,3,257,0,0.7089307904243469
1,43,0,2,378,1,0.8782953023910522
1,36,5,2,122,1,0.5740509629249573
1,2,10,2,359,0,0.46071839332580566
1,29,5,2,468,1,0.37326040863990784
1,45,20,3,102,0,0.18995893001556396
1,15,25,3,65,0,0.006479394622147083
1,18,0,2,128,0,0.14600983262062073
1,2,20,2,359,0,0.6335767507553101
1,26,5,2,269,0,0.7665164470672607
1,22,20,3,65,1,0.20609086751937866
1,39,15,2,168,1,0.7620476484298706
1,0,10,3,251,0,0.3032122850418091
1,27,15,2,393,0,0.09583482891321182
1,29,10,2,468,1,0.7706918120384216
1,27,5,2,393,0,0.14865639805793762
1,43,5,2,378,1,0.8551682829856873
1,24,15,2,127,1,0.6104462742805481
1,30,25,3,114,0,0.22819839417934418
1,27,20,2,393,0,0.2485213428735733
1,31,20,3,128,0,0.13574428856372833
1,37,0,2,137,1,0.7154464721679688
1,2,15,2,359,0,0.4736649990081787
1,33,10,3,271,0,0.5782666206359863
1,6,5,3,118,1,0.42112091183662415
1,45,15,3,102,0,0.24407555162906647
1,35,10,3,313,0,0.16325582563877106
1,13,5,2,337,1,0.19699770212173462
1,19,15,3,166,0,0.05563950911164284
1,36,0,2,122,1,0.4111117124557495
1,24,20,2,127,1,0.5493507981300354
1,34,5,3,292,0,0.4222544729709625
1,15,0,3,65,0,0.015517533756792545
1,17,15,3,102,1,0.01837044768035412
1,32,15,3,252,0,0.6855324506759644
1,4,0,2,447,0,0.2687983214855194
1,7,5,3,159,0,0.7348048090934753
1,10,0,2,239,0,0.38051867485046387
1,8,15,2,179,1,0.7011310458183289
1,24,0,2,127,1,0.4948345720767975
1,30,0,3,114,0,0.22583751380443573
1,9,15,2,218,0,0.397905558347702
1,45,10,3,102,0,0.09135257452726364
1,38,0,2,155,1,0.43261826038360596
1,16,15,2,78,0,0.006703618448227644
1,31,0,3,128,0,0.5036579966545105
1,4,5,2,447,0,0.26677313446998596
1,44,15,2,47,1,0.4058980643749237
1,23,5,2,108,1,0.6703689694404602
1,47,10,3,169,0,0.06550426781177521
1,17,20,3,102,1,0.024252120405435562
1,3,10,2,432,0,0.7804450392723083
1,19,0,3,166,0,0.029448701068758965
1,42,10,2,340,1,0.7574447393417358
1,15,15,3,65,0,0.12035397440195084
1,38,25,2,155,1,0.2993033230304718
1,17,25,3,102,1,0.016522396355867386
1,12,10,2,249,1,0.24390846490859985
1,19,10,3,166,0,0.05289151519536972
1,23,15,2,108,1,0.72109454870224
1,5,10,2,489,1,0.7830532193183899
1,34,15,3,292,0,0.34201735258102417
1,14,0,3,54,0,0.00486526545137167
1,35,0,3,313,0,0.1954563707113266
1,43,15,2,378,1,0.883445680141449
1,14,5,3,54,0,0.04298017919063568
1,35,20,3,313,0,0.14682891964912415
1,15,5,3,65,0,0.015425506979227066
1,2,25,2,359,0,0.39114177227020264
1,3,25,2,432,0,0.6935148239135742
1,44,5,2,47,1,0.30284807085990906
1,37,25,2,137,1,0.5983846783638
2,4,5,2,92,1,0.7000392079353333
2,42,5,3,217,1,0.4841093122959137
2,7,10,3,210,1,0.439871221780777
2,14,0,3,193,1,0.0035130884498357773
2,17,0,3,344,1,0.14052702486515045
2,10,5,2,89,0,0.08678635954856873
2,28,5,3,316,1,0.8322440385818481
2,31,5,2,58,0,0.6964315176010132
2,36,10,3,435,1,0.7946738600730896
2,28,20,3,316,1,0.026144469156861305
2,36,15,3,435,1,0.9385983347892761
2,29,0,2,336,1,0.9560773968696594
2,45,25,3,126,1,0.6477401256561279
2,8,10,2,72,1,0.173651322722435
2,18,0,2,400,1,0.7492129802703857
2,22,5,3,161,0,0.055370256304740906
2,45,15,3,126,1,0.11005474627017975
2,12,20,3,121,0,0.01520447712391615
2,27,20,2,297,0,0.5681219696998596
2,14,20,3,193,1,0.0054442123509943485
2,1,20,3,274,0,0.3040400445461273
2,15,10,2,288,1,0.9465617537498474
2,16,25,2,306,0,0.9762507081031799
2,39,10,3,190,0,0.8498489260673523
2,42,0,3,217,1,0.6246327757835388
2,19,0,3,423,0,0.018696825951337814
2,15,0,2,288,1,0.9526697993278503
2,37,0,3,131,0,0.051399677991867065
2,9,0,2,479,1,0.991364598274231
2,27,5,2,297,0,0.03906225040555
2,43,10,3,385,1,0.022224418818950653
2,19,10,3,423,0,0.0009170526172965765
2,15,25,2,288,1,0.997982382774353
2,6,10,2,180,1,0.9993358254432678
2,36,5,3,435,1,0.05673081427812576
2,1,25,3,274,0,0.8881629705429077
2,32,20,3,87,0,0.3555395007133484
2,18,15,2,400,1,0.19616125524044037
2,16,10,2,306,0,0.48847225308418274
2,17,15,3,344,1,0.004960208665579557
2,9,25,2,479,1,0.8244912624359131
2,4,20,2,92,1,0.21944092214107513
2,33,15,2,198,1,0.6250736117362976
2,40,25,3,210,0,0.06377770006656647
2,14,5,3,193,1,0.0023139698896557093
2,1,15,3,274,0,0.5156463384628296
2,43,15,3,385,1,0.010411773808300495
2,2,25,2,328,1,0.9961267113685608
2,38,0,2,147,0,0.3334546685218811
2,19,15,3,423,0,0.0026459151413291693
2,32,15,3,87,0,0.24480313062667847
2,41,10,2,18,1,0.8738535642623901
2,19,20,3,423,0,0.0026769726537168026
2,34,5,3,27,1,0.844876766204834
2,30,25,2,393,1,0.30555060505867004
2,22,0,3,161,0,0.07030435651540756
2,8,5,2,72,1,0.19045573472976685
2,31,20,2,58,0,0.9135473966598511
2,25,10,3,255,0,0.05240953713655472
2,17,25,3,344,1,0.010238759219646454
2,2,10,2,328,1,0.9996820688247681
2,9,5,2,479,1,0.9808903932571411
2,12,25,3,121,0,0.006576918065547943
2,31,25,2,58,0,0.03090496174991131
2,6,5,2,180,1,0.9848530292510986
2,16,20,2,306,0,0.938292920589447
2,44,5,2,85,1,0.6929678916931152
2,45,10,3,126,1,0.39354678988456726
2,41,5,2,18,1,0.0825180932879448
2,40,0,3,210,0,0.2980557978153229
2,37,15,3,131,0,0.6066341400146484
2,43,20,3,385,1,0.11201755702495575
2,32,0,3,87,0,0.0034585653338581324
2,29,10,2,336,1,0.9972589015960693
2,29,15,2,336,1,0.9536357522010803
2,13,5,3,136,1,0.068923719227314
2,11,5,3,103,0,0.004234602674841881
2,44,0,2,85,1,0.013866608031094074
2,9,10,2,479,1,0.9218901991844177
2,20,0,3,58,0,0.04244481772184372
2,13,20,3,136,1,0.04659159108996391
2,27,15,2,297,0,0.986102819442749
2,13,15,3,136,1,0.025411561131477356
2,16,5,2,306,0,0.09459582716226578
2,40,20,3,210,0,0.39725592732429504
2,30,20,2,393,1,0.12444517016410828
2,6,25,2,180,1,0.9997922778129578
2,37,5,3,131,0,0.14693699777126312
2,30,10,2,393,1,0.07699615508317947
2,42,15,3,217,1,0.11842083185911179
2,28,15,3,316,1,0.6438722014427185
2,26,25,2,273,1,0.9309197068214417
2,21,25,2,140,1,0.6257880330085754
2,34,10,3,27,1,0.8174421787261963
2,40,10,3,210,0,0.001282413024455309
2,42,25,3,217,1,0.011016392149031162
2,0,20,3,252,0,0.025881921872496605
2,33,25,2,198,1,0.6293391585350037
2,1,5,3,274,0,0.8366827368736267
2,2,20,2,328,1,0.9566839933395386
2,34,20,3,27,1,0.5271539092063904
2,41,20,2,18,1,0.8881482481956482
2,34,25,3,27,1,0.938120424747467
2,37,25,3,131,0,0.6019605398178101
2,28,25,3,316,1,0.019102314487099648
2,22,20,3,161,0,0.044003281742334366
2,18,10,2,400,1,0.656021773815155
2,25,5,3,255,0,0.029491210356354713
2,5,20,2,161,1,0.9047249555587769
2,11,15,3,103,0,0.042165517807006836
2,35,20,2,373,1,0.04357317462563515
2,45,20,3,126,1,0.07745078206062317
2,11,10,3,103,0,0.0016959856729954481
2,19,5,3,423,0,0.00330649153329432
2,29,5,2,336,1,0.9991453886032104
2,36,20,3,435,1,0.039292506873607635
2,3,0,3,382,1,0.04726661369204521
2,9,15,2,479,1,0.8531194925308228
2,35,10,2,373,1,0.7416570782661438
2,27,25,2,297,0,0.8161512017250061
2,26,5,2,273,1,0.8555993437767029
2,29,20,2,336,1,0.9869192242622375
2,23,20,3,182,1,0.1946098506450653
2,8,25,2,72,1,0.5089574456214905
2,6,20,2,180,1,0.9997280240058899
2,41,25,2,18,1,0.9679498672485352
2,20,5,3,58,0,0.02963138371706009
2,16,0,2,306,0,0.20470492541790009
2,25,25,3,255,0,0.003924933727830648
2,23,15,3,182,1,0.15044400095939636
2,38,15,2,147,0,0.8953700065612793
2,10,0,2,89,0,0.006215558387339115
2,4,25,2,92,1,0.09509454667568207
2,45,5,3,126,1,0.011271726340055466
2,13,0,3,136,1,0.23669448494911194
2,24,25,2,20,1,0.4005051851272583
2,20,10,3,58,0,0.2861235737800598
2,12,15,3,121,0,0.004522153176367283
2,5,10,2,161,1,0.5422478914260864
2,40,5,3,210,0,0.004623060580343008
2,33,10,2,198,1,0.804451048374176
2,35,5,2,373,1,0.2697344422340393
2,25,20,3,255,0,0.029398370534181595
2,39,20,3,190,0,0.780973494052887
2,39,0,3,190,0,0.4113180637359619
2,15,20,2,288,1,0.9968370199203491
2,36,0,3,435,1,0.026909537613391876
2,30,5,2,393,1,0.586087167263031
2,44,20,2,85,1,0.08559370040893555
2,0,10,3,252,0,0.987973690032959
2,19,25,3,423,0,0.0005724210059270263
2,41,15,2,18,1,0.8721101880073547
2,11,20,3,103,0,0.08364585787057877
2,29,25,2,336,1,0.9944061040878296
2,10,10,2,89,0,0.9205055832862854
2,21,15,2,140,1,0.991908848285675
2,24,15,2,20,1,0.7162444591522217
2,32,10,3,87,0,0.5014824867248535
2,8,15,2,72,1,0.037983428686857224
2,3,25,3,382,1,0.6551454663276672
2,15,5,2,288,1,0.8282085657119751
2,24,10,2,20,1,0.10238467156887054
2,44,10,2,85,1,0.21573582291603088
2,5,5,2,161,1,0.9698563814163208
2,31,15,2,58,0,0.8341266512870789
2,12,0,3,121,0,0.004865315742790699
2,38,5,2,147,0,0.4871666729450226
2,23,10,3,182,1,0.6168242692947388
2,31,10,2,58,0,0.9562243223190308
2,28,10,3,316,1,0.9857782125473022
2,8,20,2,72,1,0.001653418643400073
2,43,5,3,385,1,0.2741134762763977
2,22,25,3,161,0,0.6912590265274048
2,38,20,2,147,0,0.08290836960077286
2,4,15,2,92,1,0.023686183616518974
2,18,5,2,400,1,0.42984527349472046
2,0,0,3,252,0,0.8154374957084656
2,0,5,3,252,0,0.9440052509307861
2,8,0,2,72,1,0.0592232421040535
2,10,20,2,89,0,0.013095689937472343
2,7,25,3,210,1,0.9527219533920288
2,37,10,3,131,0,0.7083324193954468
2,9,20,2,479,1,0.779722273349762
2,37,20,3,131,0,0.11444345861673355
2,31,0,2,58,0,0.2989136874675751
2,6,0,2,180,1,0.9998886585235596
2,25,15,3,255,0,0.03465735912322998
2,5,15,2,161,1,0.9783141016960144
2,2,15,2,328,1,0.9949761629104614
2,27,0,2,297,0,0.03191021829843521
2,3,15,3,382,1,0.05733393132686615
2,40,15,3,210,0,0.6014549136161804
2,15,15,2,288,1,0.9598719477653503
2,7,0,3,210,1,0.9166292548179626
2,27,10,2,297,0,0.8848447799682617
2,42,20,3,217,1,0.02769189141690731
2,43,0,3,385,1,0.7757298946380615
2,17,10,3,344,1,0.00069244863698259
2,36,25,3,435,1,0.08164940029382706
2,5,25,2,161,1,0.8072760701179504
2,17,20,3,344,1,0.19831813871860504
2,26,20,2,273,1,0.9554150104522705
2,7,15,3,210,1,0.7778190970420837
2,4,10,2,92,1,0.1407785415649414
2,5,0,2,161,1,0.9792144298553467
2,6,15,2,180,1,0.9997883439064026
2,18,25,2,400,1,0.9557603001594543
2,28,0,3,316,1,0.623034656047821
2,14,15,3,193,1,0.0024761445820331573
2,33,20,2,198,1,0.922563910484314
2,2,0,2,328,1,0.9995477795600891
2,35,0,2,373,1,0.014605195261538029
2,34,15,3,27,1,0.05743328481912613
2,21,5,2,140,1,0.9962242841720581
2,39,25,3,190,0,0.43807271122932434
2,10,15,2,89,0,0.17236192524433136
2,30,15,2,393,1,0.047026850283145905
2,43,25,3,385,1,0.37458333373069763
2,18,20,2,400,1,0.2571161091327667
2,20,25,3,58,0,0.02515447326004505
2,11,25,3,103,0,0.012878931127488613
2,2,5,2,328,1,0.9989596605300903
2,42,10,3,217,1,0.2031014859676361
2,26,15,2,273,1,0.8813236951828003
2,23,5,3,182,1,0.10405942052602768
2,41,0,2,18,1,0.22520194947719574
2,44,15,2,85,1,0.16040830314159393
2,21,10,2,140,1,0.9985660910606384
2,3,10,3,382,1,0.062438808381557465
2,0,25,3,252,0,0.5912293791770935
2,20,15,3,58,0,0.03711860999464989
2,21,0,2,140,1,0.9382206201553345
2,24,5,2,20,1,0.0009928320068866014
2,12,10,3,121,0,0.0016702127177268267
2,14,25,3,193,1,0.01637618988752365
2,39,15,3,190,0,0.9889830946922302
2,45,0,3,126,1,0.1873696744441986
2,39,5,3,190,0,0.379210501909256
2,23,25,3,182,1,0.1621367186307907
2,0,15,3,252,0,0.21924570202827454
2,21,20,2,140,1,0.9828764796257019
2,33,0,2,198,1,0.3621162474155426
2,1,10,3,274,0,0.8184760808944702
2,7,20,3,210,1,0.6195303201675415
2,12,5,3,121,0,0.0007140154484659433
2,1,0,3,274,0,0.365694522857666
2,34,0,3,27,1,0.18245340883731842
2,22,15,3,161,0,0.8457894921302795
2,23,0,3,182,1,0.041057951748371124
2,13,10,3,136,1,0.034793585538864136
2,17,5,3,344,1,0.008090280927717686
2,4,0,2,92,1,0.9810046553611755
2,32,5,3,87,0,0.061152175068855286
2,38,10,2,147,0,0.8135467767715454
2,24,20,2,20,1,0.9702913165092468
2,26,10,2,273,1,0.653824508190155
2,35,25,2,373,1,0.03968126326799393
2,3,20,3,382,1,0.9207445383071899
2,32,25,3,87,0,0.4018628001213074
2,44,25,2,85,1,0.013665882870554924
2,11,0,3,103,0,0.014520982280373573
2,10,25,2,89,0,0.0010461205383762717
2,25,0,3,255,0,0.030525999143719673
2,7,5,3,210,1,0.6084933876991272
2,22,10,3,161,0,0.23005163669586182
2,35,15,2,373,1,0.02366156317293644
2,13,25,3,136,1,0.036102548241615295
2,38,25,2,147,0,0.14986087381839752
2,24,0,2,20,1,0.0047562201507389545
2,14,10,3,193,1,0.0005938861286267638
2,33,5,2,198,1,0.674393355846405
2,3,5,3,382,1,0.06365497410297394
2,16,15,2,306,0,0.09442645311355591
2,30,0,2,393,1,0.8585537672042847
2,26,0,2,273,1,0.9624107480049133
2,20,20,3,58,0,0.04427535831928253
3,11,15,2,267,1,0.9907380938529968
3,3,5,2,346,0,0.1274612843990326
3,15,5,3,143,0,0.27902647852897644
3,19,5,2,347,1,0.9875505566596985
3,16,15,3,159,0,0.9636733531951904
3,9,25,3,226,1,0.8441290855407715
3,12,5,2,404,1,0.9953725934028625
3,19,10,2,347,1,0.9746476411819458
3,11,10,2,267,1,0.9817666411399841
3,3,15,2,346,0,0.3902072012424469
3,8,5,3,202,0,0.22543781995773315
3,35,5,3,139,1,0.10563759505748749
3,7,10,2,180,1,0.9497008919715881
3,16,10,3,159,0,0.9309437870979309
3,20,5,3,85,0,0.958236813545227
3,27,15,3,346,1,0.9385228157043457
3,24,25,2,21,1,0.9883135557174683
3,6,15,3,113,0,0.7319165468215942
3,9,0,3,226,1,0.43809548020362854
3,6,5,3,113,0,0.4908204972743988
3,17,0,3,183,0,0.7937458753585815
3,5,10,2,411,1,0.9747260212898254
3,11,20,2,267,1,0.9823563694953918
3,25,5,2,298,1,0.978165328502655
3,18,0,2,318,1,0.9634683728218079
3,14,10,3,81,1,0.26601022481918335
3,12,20,2,404,1,0.9974351525306702
3,32,10,3,214,1,0.9473870396614075
3,15,15,3,143,0,0.7776363492012024
3,34,20,3,357,0,0.9162898659706116
3,31,5,2,182,1,0.9938073754310608
3,22,10,3,187,0,0.15835171937942505
3,35,0,3,139,1,0.21895338594913483
3,26,0,3,316,1,0.7184879779815674
3,34,15,3,357,0,0.445347398519516
3,10,15,2,243,1,0.9816380739212036
3,4,25,3,372,0,0.7489789724349976
3,28,15,2,432,1,0.9881121516227722
3,33,20,2,37,1,0.4221603572368622
3,17,25,3,183,0,0.8603532910346985
3,2,15,3,310,0,0.12585002183914185
3,21,25,3,105,0,0.9437886476516724
3,14,0,3,81,1,0.8425388932228088
3,18,10,2,318,1,0.8217931389808655
3,36,5,3,183,0,0.6425176858901978
3,22,15,3,187,0,0.891681432723999
3,26,15,3,316,1,0.6989840865135193
3,34,0,3,357,0,0.8712655305862427
3,26,25,3,316,1,0.7718276977539062
3,31,10,2,182,1,0.9961618185043335
3,19,15,2,347,1,0.9842469692230225
3,23,10,2,242,0,0.9749000072479248
3,34,25,3,357,0,0.956439197063446
3,20,25,3,85,0,0.4724811911582947
3,18,25,2,318,1,0.890007495880127
3,32,25,3,214,1,0.6290237307548523
3,16,25,3,159,0,0.9632693529129028
3,22,25,3,187,0,0.07013854384422302
3,5,25,2,411,1,0.9847879409790039
3,24,15,2,21,1,0.9753929972648621
3,14,20,3,81,1,0.6119533777236938
3,20,20,3,85,0,0.12385053932666779
3,34,5,3,357,0,0.36657676100730896
3,8,10,3,202,0,0.024423852562904358
3,29,25,3,122,1,0.9315925240516663
3,28,25,2,432,1,0.9271438121795654
3,28,0,2,432,1,0.975105345249176
3,23,20,2,242,0,0.9365916848182678
3,27,20,3,346,1,0.930423378944397
3,3,10,2,346,0,0.45215097069740295
3,15,0,3,143,0,0.19596217572689056
3,17,15,3,183,0,0.8134066462516785
3,22,20,3,187,0,0.13955101370811462
3,4,5,3,372,0,0.22812391817569733
3,21,15,3,105,0,0.9226875305175781
3,16,20,3,159,0,0.9354363679885864
3,12,0,2,404,1,0.9910893440246582
3,37,20,3,238,1,0.8610725998878479
3,17,10,3,183,0,0.6242123246192932
3,6,25,3,113,0,0.9289408326148987
3,22,0,3,187,0,0.014949347823858261
3,0,25,2,275,0,0.9311630725860596
3,26,10,3,316,1,0.848818302154541
3,24,0,2,21,1,0.9259278178215027
3,37,25,3,238,1,0.5008092522621155
3,8,25,3,202,0,0.030466414988040924
3,13,15,3,57,0,0.04577149823307991
3,6,0,3,113,0,0.19455070793628693
3,11,0,2,267,1,0.9906967878341675
3,36,0,3,183,0,0.7512442469596863
3,7,15,2,180,1,0.911374568939209
3,31,15,2,182,1,0.9855518341064453
3,25,15,2,298,1,0.7967129349708557
3,14,25,3,81,1,0.049703650176525116
3,32,0,3,214,1,0.21830609440803528
3,25,0,2,298,1,0.9792910218238831
3,36,15,3,183,0,0.9296662211418152
3,1,25,3,291,0,0.37932923436164856
3,27,5,3,346,1,0.7579784393310547
3,19,20,2,347,1,0.9955987930297852
3,7,0,2,180,1,0.8415064215660095
3,1,0,3,291,0,0.572266697883606
3,37,10,3,238,1,0.9514617323875427
3,1,20,3,291,0,0.8652386665344238
3,36,20,3,183,0,0.8112280964851379
3,3,20,2,346,0,0.2751680612564087
3,20,10,3,85,0,0.4984423816204071
3,2,25,3,310,0,0.7465300559997559
3,32,5,3,214,1,0.8611871600151062
3,28,20,2,432,1,0.972725510597229
3,7,20,2,180,1,0.9634861946105957
3,27,25,3,346,1,0.9103514552116394
3,1,15,3,291,0,0.11850414425134659
3,5,5,2,411,1,0.9849839806556702
3,2,10,3,310,0,0.5261338949203491
3,29,15,3,122,1,0.8382977247238159
3,13,10,3,57,0,0.6273858547210693
3,3,0,2,346,0,0.2706083059310913
3,27,0,3,346,1,0.9472010135650635
3,8,0,3,202,0,0.4951034188270569
3,8,15,3,202,0,0.19326239824295044
3,16,5,3,159,0,0.928409218788147
3,13,20,3,57,0,0.04991992190480232
3,25,20,2,298,1,0.9632997512817383
3,11,5,2,267,1,0.9904137253761292
3,15,20,3,143,0,0.3152744770050049
3,12,10,2,404,1,0.9977278113365173
3,35,10,3,139,1,0.03560357913374901
3,28,5,2,432,1,0.9894134998321533
3,21,20,3,105,0,0.9367967247962952
3,25,25,2,298,1,0.9881195425987244
3,36,25,3,183,0,0.8429181575775146
3,8,20,3,202,0,0.0625445768237114
3,9,20,3,226,1,0.07720977813005447
3,30,20,3,151,1,0.7991594672203064
3,29,20,3,122,1,0.7859380841255188
3,17,5,3,183,0,0.8314003944396973
3,19,25,2,347,1,0.9920473098754883
3,35,20,3,139,1,0.06659184396266937
3,12,15,2,404,1,0.9965732097625732
3,3,25,2,346,0,0.4720551669597626
3,33,0,2,37,1,0.11228425800800323
3,6,20,3,113,0,0.8687676787376404
3,0,0,2,275,0,0.7732124924659729
3,26,5,3,316,1,0.7365189790725708
3,7,5,2,180,1,0.97362220287323
3,5,0,2,411,1,0.9575263857841492
3,30,5,3,151,1,0.960728108882904
3,13,0,3,57,0,0.7704945802688599
3,23,15,2,242,0,0.9412901997566223
3,11,25,2,267,1,0.967846691608429
3,37,15,3,238,1,0.977967381477356
3,21,10,3,105,0,0.7361050844192505
3,4,20,3,372,0,0.39291688799858093
3,0,15,2,275,0,0.6863206624984741
3,18,5,2,318,1,0.8223522305488586
3,29,5,3,122,1,0.815459132194519
3,5,15,2,411,1,0.9961920976638794
3,2,20,3,310,0,0.10851962864398956
3,4,0,3,372,0,0.333102822303772
3,31,0,2,182,1,0.9697105288505554
3,37,5,3,238,1,0.7700257301330566
3,30,0,3,151,1,0.595787525177002
3,33,5,2,37,1,0.3101840019226074
3,20,15,3,85,0,0.8980510830879211
3,14,15,3,81,1,0.6326747536659241
3,32,15,3,214,1,0.922650158405304
3,4,10,3,372,0,0.5173176527023315
3,1,10,3,291,0,0.3791360855102539
3,10,20,2,243,1,0.9964679479598999
3,13,25,3,57,0,0.21006600558757782
3,17,20,3,183,0,0.8504963517189026
3,16,0,3,159,0,0.46233877539634705
3,30,15,3,151,1,0.9618470072746277
3,19,0,2,347,1,0.9337155818939209
3,30,25,3,151,1,0.8775241374969482
3,24,20,2,21,1,0.8595568537712097
3,24,5,2,21,1,0.9813191890716553
3,33,25,2,37,1,0.392357736825943
3,0,5,2,275,0,0.7637385129928589
3,18,20,2,318,1,0.976055920124054
3,9,10,3,226,1,0.020046086981892586
3,12,25,2,404,1,0.9962728023529053
3,14,5,3,81,1,0.2734370529651642
3,5,20,2,411,1,0.9895609617233276
3,10,25,2,243,1,0.9971942901611328
3,10,10,2,243,1,0.9760680794715881
3,31,25,2,182,1,0.9956990480422974
3,23,25,2,242,0,0.7933490872383118
3,2,0,3,310,0,0.015128737315535545
3,20,0,3,85,0,0.9121807813644409
3,33,15,2,37,1,0.49394547939300537
3,32,20,3,214,1,0.8173016905784607
3,9,5,3,226,1,0.14513558149337769
3,15,10,3,143,0,0.7966613173484802
3,0,20,2,275,0,0.9238013625144958
3,35,15,3,139,1,0.04159901663661003
3,9,15,3,226,1,0.01939653605222702
3,4,15,3,372,0,0.7336610555648804
3,26,20,3,316,1,0.3926967978477478
3,27,10,3,346,1,0.851108968257904
3,34,10,3,357,0,0.10638584941625595
3,28,10,2,432,1,0.9984009861946106
3,0,10,2,275,0,0.6207835078239441
3,37,0,3,238,1,0.7180586457252502
3,30,10,3,151,1,0.9663606882095337
3,29,10,3,122,1,0.9230475425720215
3,1,5,3,291,0,0.40201473236083984
3,21,0,3,105,0,0.6574854254722595
3,23,5,2,242,0,0.9890706539154053
3,18,15,2,318,1,0.9114601612091064
3,23,0,2,242,0,0.9427289962768555
3,10,0,2,243,1,0.9710608124732971
3,2,5,3,310,0,0.7505413293838501
3,22,5,3,187,0,0.001276126247830689
3,35,25,3,139,1,0.10425000637769699
3,15,25,3,143,0,0.9589835405349731
3,25,10,2,298,1,0.8021271228790283
3,24,10,2,21,1,0.9904948472976685
3,31,20,2,182,1,0.9963790774345398
3,29,0,3,122,1,0.44461530447006226
3,33,10,2,37,1,0.18195289373397827
3,36,10,3,183,0,0.6760354042053223
3,7,25,2,180,1,0.7249380946159363
3,10,5,2,243,1,0.9774441123008728
3,21,5,3,105,0,0.636999785900116
3,13,5,3,57,0,0.35690492391586304
3,6,10,3,113,0,0.6327881217002869
4,19,15,2,329,1,0.5196442604064941
4,13,20,2,343,1,0.7977509498596191
4,2,25,2,54,1,0.9130563139915466
4,9,25,3,87,0,0.051409605890512466
4,1,10,3,352,0,0.4652608335018158
4,17,15,3,227,1,0.09925386309623718
4,29,10,2,359,1,0.7042579054832458
4,2,0,2,54,1,0.8701801300048828
4,12,25,2,26,1,0.951565146446228
4,27,15,3,177,0,0.6892635822296143
4,16,20,3,202,0,0.2517411708831787
4,3,25,2,132,1,0.8689969182014465
4,18,10,2,36,1,0.7458699941635132
4,0,10,3,332,0,0.3883344233036041
4,31,25,2,201,1,0.4775310158729553
4,6,25,3,374,1,0.5037807822227478
4,27,25,3,177,0,0.7178184986114502
4,8,0,3,65,1,0.08318986743688583
4,6,0,3,374,1,0.03108436055481434
4,8,15,3,65,1,0.403604120016098
4,3,10,2,132,1,0.8608117699623108
4,10,25,2,105,1,0.5929355025291443
4,19,5,2,329,1,0.07081682980060577
4,24,15,2,443,1,0.864281415939331
4,1,25,3,352,0,0.2024661749601364
4,10,15,2,105,1,0.43135952949523926
4,26,5,3,142,1,0.12444374710321426
4,6,20,3,374,1,0.4852398633956909
4,9,5,3,87,0,0.12946684658527374
4,31,10,2,201,1,0.3897799253463745
4,16,10,3,202,0,0.17686264216899872
4,23,20,2,30,1,0.8392691016197205
4,32,25,3,250,1,0.13728469610214233
4,2,20,2,54,1,0.9365367293357849
4,5,20,3,327,1,0.10610777884721756
4,25,0,2,94,1,0.9048240184783936
4,18,20,2,36,1,0.6102467179298401
4,20,0,3,93,0,0.05329000577330589
4,13,0,2,343,1,0.4529428780078888
4,5,5,3,327,1,0.10886282473802567
4,24,25,2,443,1,0.9390509724617004
4,14,20,2,413,1,0.4765971601009369
4,21,10,2,144,1,0.42902034521102905
4,5,10,3,327,1,0.3853504955768585
4,28,20,2,213,1,0.972008466720581
4,25,20,2,94,1,0.819386899471283
4,28,5,2,213,1,0.9312037825584412
4,0,0,3,332,0,0.19273409247398376
4,17,25,3,227,1,0.0879250094294548
4,28,10,2,213,1,0.9709569811820984
4,16,5,3,202,0,0.5712170600891113
4,15,20,2,451,1,0.6800758242607117
4,13,15,2,343,1,0.8850017786026001
4,4,5,3,190,1,0.09190745651721954
4,1,15,3,352,0,0.3583082854747772
4,27,10,3,177,0,0.7701416015625
4,8,20,3,65,1,0.1549888551235199
4,8,10,3,65,1,0.8309317827224731
4,14,15,2,413,1,0.6185489892959595
4,5,15,3,327,1,0.12591107189655304
4,28,15,2,213,1,0.9819772243499756
4,18,25,2,36,1,0.8375677466392517
4,22,15,2,274,1,0.7086049318313599
4,13,5,2,343,1,0.7667797207832336
4,16,15,3,202,0,0.3505909740924835
4,29,5,2,359,1,0.8635398149490356
4,20,5,3,93,0,0.036553602665662766
4,14,25,2,413,1,0.5002379417419434
4,0,5,3,332,0,0.2863224744796753
4,30,15,2,434,1,0.6330277919769287
4,4,25,3,190,1,0.14916010200977325
4,4,10,3,190,1,0.06739702820777893
4,7,5,2,434,1,0.7903688549995422
4,15,10,2,451,1,0.8995643258094788
4,5,25,3,327,1,0.28775277733802795
4,21,5,2,144,1,0.7205396890640259
4,6,10,3,374,1,0.13835932314395905
4,23,5,2,30,1,0.7085540890693665
4,24,20,2,443,1,0.8133072257041931
4,14,10,2,413,1,0.8145277500152588
4,7,0,2,434,1,0.6811878681182861
4,20,10,3,93,0,0.1616852879524231
4,29,0,2,359,1,0.7269032597541809
4,17,0,3,227,1,0.23017191886901855
4,12,10,2,26,1,0.877282977104187
4,16,0,3,202,0,0.5786943435668945
4,8,25,3,65,1,0.39696675539016724
4,15,0,2,451,1,0.5253763794898987
4,20,25,3,93,0,0.3900153636932373
4,31,5,2,201,1,0.5942662954330444
4,15,25,2,451,1,0.22398562729358673
4,17,20,3,227,1,0.052366167306900024
4,30,5,2,434,1,0.13433818519115448
4,9,15,3,87,0,0.02395099587738514
4,9,20,3,87,0,0.06031816825270653
4,32,5,3,250,1,0.2130356729030609
4,15,5,2,451,1,0.6901644468307495
4,8,5,3,65,1,0.5505324602127075
4,6,5,3,374,1,0.02114596776664257
4,16,25,3,202,0,0.29248884320259094
4,11,20,3,167,1,0.06094110384583473
4,15,15,2,451,1,0.715028703212738
4,11,10,3,167,1,0.11293211579322815
4,7,20,2,434,1,0.9408484101295471
4,3,5,2,132,1,0.7403761148452759
4,21,25,2,144,1,0.736392617225647
4,32,20,3,250,1,0.25505292415618896
4,12,5,2,26,1,0.9213736057281494
4,32,0,3,250,1,0.16961434483528137
4,24,10,2,443,1,0.8865243196487427
4,4,20,3,190,1,0.13739854097366333
4,7,10,2,434,1,0.8760970234870911
4,32,15,3,250,1,0.26548412442207336
4,23,10,2,30,1,0.43061622977256775
4,26,0,3,142,1,0.2639590799808502
4,3,20,2,132,1,0.9441308379173279
4,12,20,2,26,1,0.8259963989257812
4,19,10,2,329,1,0.3606346845626831
4,19,25,2,329,1,0.3824453353881836
4,32,10,3,250,1,0.2845311760902405
4,30,0,2,434,1,0.17541906237602234
4,19,20,2,329,1,0.6739177703857422
4,6,15,3,374,1,0.3803374469280243
4,4,15,3,190,1,0.14851722121238708
4,24,5,2,443,1,0.7613206505775452
4,19,0,2,329,1,0.15100891888141632
4,10,20,2,105,1,0.8143802285194397
4,26,10,3,142,1,0.08451663702726364
4,17,5,3,227,1,0.1075320765376091
4,21,20,2,144,1,0.8548412919044495
4,22,25,2,274,1,0.927679717540741
4,18,15,2,36,1,0.6712892651557922
4,11,25,3,167,1,0.036293383687734604
4,29,25,2,359,1,0.7213653326034546
4,27,0,3,177,0,0.23917646706104279
4,11,0,3,167,1,0.30564436316490173
4,30,25,2,434,1,0.8218305110931396
4,30,10,2,434,1,0.3896312117576599
4,11,5,3,167,1,0.28820979595184326
4,27,20,3,177,0,0.8486694097518921
4,28,25,2,213,1,0.9812836050987244
4,1,20,3,352,0,0.12907661497592926
4,9,10,3,87,0,0.06280504912137985
4,0,15,3,332,0,0.2267756462097168
4,1,0,3,352,0,0.33228713274002075
4,11,15,3,167,1,0.09483292698860168
4,22,10,2,274,1,0.6106160879135132
4,25,10,2,94,1,0.8773030042648315
4,18,5,2,36,1,0.8669935464859009
4,3,15,2,132,1,0.8879743218421936
4,23,15,2,30,1,0.4927290081977844
4,3,0,2,132,1,0.8525733947753906
4,26,20,3,142,1,0.18689745664596558
4,12,15,2,26,1,0.7969168424606323
4,22,0,2,274,1,0.8585748672485352
4,21,15,2,144,1,0.5507927536964417
4,18,0,2,36,1,0.8526647686958313
4,23,0,2,30,1,0.7315274477005005
4,22,20,2,274,1,0.9187779426574707
4,31,15,2,201,1,0.6172271966934204
4,31,20,2,201,1,0.5467097163200378
4,29,15,2,359,1,0.841930627822876
4,1,5,3,352,0,0.3902687728404999
4,27,5,3,177,0,0.3431929349899292
4,2,5,2,54,1,0.8895179629325867
4,25,15,2,94,1,0.9401403069496155
4,24,0,2,443,1,0.7176476716995239
4,14,5,2,413,1,0.775664210319519
4,26,15,3,142,1,0.07732684910297394
4,2,10,2,54,1,0.812839925289154
4,29,20,2,359,1,0.8103497624397278
4,30,20,2,434,1,0.7604741454124451
4,13,25,2,343,1,0.6965110898017883
4,26,25,3,142,1,0.5734880566596985
4,7,25,2,434,1,0.9460358023643494
4,25,5,2,94,1,0.6844554543495178
4,22,5,2,274,1,0.7411246299743652
4,31,0,2,201,1,0.6941139101982117
4,20,15,3,93,0,0.1636514663696289
4,20,20,3,93,0,0.16704289615154266
4,10,0,2,105,1,0.8353825807571411
4,10,10,2,105,1,0.7853075265884399
4,28,0,2,213,1,0.9421045184135437
4,0,25,3,332,0,0.11832916736602783
4,10,5,2,105,1,0.9421342611312866
4,17,10,3,227,1,0.1749071627855301
4,14,0,2,413,1,0.7260275483131409
4,25,25,2,94,1,0.7784059047698975
4,9,0,3,87,0,0.06943013519048691
4,21,0,2,144,1,0.6946036219596863
4,0,20,3,332,0,0.19640304148197174
4,4,0,3,190,1,0.15489278733730316
4,2,15,2,54,1,0.8387314677238464
4,13,10,2,343,1,0.8779221177101135
4,7,15,2,434,1,0.9239078164100647
4,12,0,2,26,1,0.9549005031585693
4,23,25,2,30,1,0.684972882270813
4,5,0,3,327,1,0.040888890624046326
5,9,10,3,29,1,0.9778900742530823
5,19,15,3,326,0,0.2843664288520813
5,40,5,3,443,0,0.3764580190181732
5,1,20,3,356,0,0.18246306478977203
5,36,5,3,20,0,0.09991835802793503
5,25,20,2,201,0,0.9670685529708862
5,11,25,3,349,1,0.6996791958808899
5,4,0,3,413,1,0.002165033482015133
5,2,5,3,399,1,0.8952252268791199
5,0,0,3,31,0,0.5640870928764343
5,25,25,2,201,0,0.9079281687736511
5,40,20,3,443,0,0.977972149848938
5,31,5,3,63,0,0.9113041162490845
5,27,10,2,258,0,0.9625542163848877
5,44,20,2,122,0,0.0002660587488207966
5,23,25,2,151,0,0.9999442100524902
5,18,10,3,261,0,0.5721797347068787
5,17,0,3,247,0,0.02666284516453743
5,23,10,2,151,0,0.9757963418960571
5,18,20,3,261,0,0.0003069838276132941
5,10,25,3,241,0,0.6348845958709717
5,18,5,3,261,0,0.793701171875
5,41,15,3,43,0,0.03587423264980316
5,19,25,3,326,0,0.7451826930046082
5,13,10,3,51,1,0.9804979562759399
5,7,20,3,105,0,0.00029124561115168035
5,6,25,3,40,0,0.011467996053397655
5,42,10,3,65,0,0.000863141322042793
5,3,10,3,18,0,0.058702729642391205
5,35,5,2,241,1,0.6987199783325195
5,10,15,3,241,0,0.9996191263198853
5,21,5,3,51,1,0.5188838839530945
5,30,0,2,43,1,0.9803313612937927
5,2,0,3,399,1,0.03812263906002045
5,17,10,3,247,0,0.0038670392241328955
5,13,25,3,51,1,0.993776798248291
5,37,15,2,318,1,0.0019814406987279654
5,16,5,3,218,1,0.24289816617965698
5,5,10,2,487,1,0.3093830645084381
5,28,25,2,373,0,0.9802899956703186
5,33,0,3,177,0,0.7714759111404419
5,24,10,2,171,0,0.98430335521698
5,32,10,3,103,0,0.010547338053584099
5,18,25,3,261,0,0.003692607395350933
5,22,5,3,71,0,0.7308435440063477
5,11,5,3,349,1,0.4290550947189331
5,12,20,2,431,0,0.9980238676071167
5,41,20,3,43,0,0.031220991164445877
5,12,25,2,431,0,0.8015071153640747
5,17,5,3,247,0,0.19589348137378693
5,24,25,2,171,0,0.8707951903343201
5,46,5,3,158,0,0.0011711646802723408
5,3,15,3,18,0,0.026883216574788094
5,40,10,3,443,0,0.8094441294670105
5,0,10,3,31,0,0.8995392918586731
5,2,25,3,399,1,0.8881914019584656
5,21,10,3,51,1,0.27254340052604675
5,28,5,2,373,0,0.9963948130607605
5,30,10,2,43,1,0.05761517584323883
5,11,20,3,349,1,0.5811643004417419
5,27,25,2,258,0,0.018550598993897438
5,22,25,3,71,0,0.6815233826637268
5,37,0,2,318,1,0.2949241101741791
5,20,15,3,346,0,0.8738707900047302
5,41,0,3,43,0,3.473457763902843e-05
5,27,15,2,258,0,0.8441587686538696
5,5,15,2,487,1,0.052683424204587936
5,16,10,3,218,1,0.33023038506507874
5,41,25,3,43,0,0.1338469237089157
5,40,15,3,443,0,0.975822925567627
5,43,15,2,94,1,0.2382155805826187
5,28,0,2,373,0,0.9998194575309753
5,17,20,3,247,0,0.0023224540054798126
5,18,0,3,261,0,0.1244141012430191
5,33,15,3,177,0,0.00024314869369845837
5,35,0,2,241,1,0.06250546872615814
5,42,0,3,65,0,0.00019524885283317417
5,1,25,3,356,0,0.3136220872402191
5,45,15,3,139,0,0.1683381050825119
5,26,0,3,24,0,0.9799593687057495
5,26,25,3,24,0,0.17065666615962982
5,7,5,3,105,0,0.4519439935684204
5,30,20,2,43,1,0.6020976901054382
5,6,5,3,40,0,0.0012941807508468628
5,29,15,2,410,0,0.7848809361457825
5,34,15,2,208,1,0.9997435212135315
5,27,5,2,258,0,0.9884633421897888
5,37,25,2,318,1,0.003901989199221134
5,7,0,3,105,0,0.47708502411842346
5,14,20,3,81,1,0.9099148511886597
5,10,20,3,241,0,0.99928879737854
5,12,5,2,431,0,0.9943015575408936
5,33,5,3,177,0,0.8952242136001587
5,4,5,3,413,1,0.0011778167681768537
5,14,15,3,81,1,0.980313241481781
5,36,10,3,20,0,0.015262174420058727
5,0,5,3,31,0,0.9799245595932007
5,17,15,3,247,0,0.00010814749111887068
5,2,15,3,399,1,0.9712929129600525
5,32,0,3,103,0,0.0008848878205753863
5,20,25,3,346,0,0.28372377157211304
5,32,5,3,103,0,0.001390662626363337
5,33,25,3,177,0,0.014024817384779453
5,31,20,3,63,0,0.33814406394958496
5,30,25,2,43,1,0.8195517659187317
5,18,15,3,261,0,0.004572948440909386
5,21,25,3,51,1,0.785699188709259
5,10,0,3,241,0,0.9608187675476074
5,11,15,3,349,1,0.8730106949806213
5,23,15,2,151,0,0.9966427087783813
5,14,5,3,81,1,0.987060546875
5,30,15,2,43,1,0.4334968626499176
5,46,25,3,158,0,0.1736862063407898
5,21,15,3,51,1,0.3922771215438843
5,23,0,2,151,0,0.9957398176193237
5,27,20,2,258,0,0.885292649269104
5,36,25,3,20,0,0.019278304651379585
5,9,5,3,29,1,0.532532811164856
5,42,20,3,65,0,0.0014878835063427687
5,22,0,3,71,0,0.3878885805606842
5,46,0,3,158,0,0.026634594425559044
5,33,10,3,177,0,0.14355266094207764
5,13,15,3,51,1,0.951841413974762
5,16,15,3,218,1,0.8776456117630005
5,38,15,2,399,0,0.029009083285927773
5,35,10,2,241,1,0.833048939704895
5,25,15,2,201,0,0.7984523177146912
5,43,10,2,94,1,0.0011832516174763441
5,28,20,2,373,0,0.9968001842498779
5,5,20,2,487,1,0.2568298876285553
5,44,5,2,122,0,0.04703380912542343
5,17,25,3,247,0,0.05416630581021309
5,22,15,3,71,0,0.8390678763389587
5,45,5,3,139,0,0.001980230212211609
5,43,5,2,94,1,0.0006230752915143967
5,25,5,2,201,0,0.8814879059791565
5,4,15,3,413,1,0.00018731760792434216
5,34,10,2,208,1,0.999539852142334
5,12,0,2,431,0,0.92784583568573
5,20,0,3,346,0,0.977035403251648
5,15,10,3,130,1,0.7756748199462891
5,33,20,3,177,0,0.005795752163976431
5,24,5,2,171,0,0.9898082613945007
5,6,10,3,40,0,0.7558208703994751
5,31,0,3,63,0,0.494343638420105
5,16,0,3,218,1,0.9374038577079773
5,14,10,3,81,1,0.9940324425697327
5,32,25,3,103,0,0.35554325580596924
5,9,25,3,29,1,0.9182690382003784
5,35,20,2,241,1,0.9737658500671387
5,15,20,3,130,1,0.9915208220481873
5,15,5,3,130,1,0.5822434425354004
5,19,5,3,326,0,0.6615960001945496
5,12,15,2,431,0,0.9998038411140442
5,39,10,2,415,0,0.0014489437453448772
5,23,20,2,151,0,0.9999550580978394
5,35,15,2,241,1,0.5183923244476318
5,25,10,2,201,0,0.17740865051746368
5,36,20,3,20,0,0.015746714547276497
5,26,20,3,24,0,0.3347310721874237
5,9,15,3,29,1,0.5883203744888306
5,22,20,3,71,0,0.9201433062553406
5,14,25,3,81,1,0.6030989289283752
5,26,15,3,24,0,0.9623816013336182
5,16,20,3,218,1,0.805433988571167
5,24,20,2,171,0,0.8135961294174194
5,11,0,3,349,1,0.02829156443476677
5,39,0,2,415,0,0.036500927060842514
5,9,20,3,29,1,0.6787717342376709
5,13,20,3,51,1,0.9445674419403076
5,42,25,3,65,0,0.009287807159125805
5,38,20,2,399,0,0.001188016263768077
5,10,10,3,241,0,0.8599627614021301
5,12,10,2,431,0,0.9973926544189453
5,15,25,3,130,1,0.16200166940689087
5,6,0,3,40,0,0.0006739923264831305
5,1,5,3,356,0,0.5765988230705261
5,16,25,3,218,1,0.9483798146247864
5,3,25,3,18,0,0.9089505076408386
5,8,20,3,193,1,0.3656420409679413
5,42,5,3,65,0,0.0007756718550808728
5,46,10,3,158,0,2.3894142941571772e-05
5,29,5,2,410,0,0.9758650064468384
5,46,20,3,158,0,0.6925691962242126
5,40,25,3,443,0,0.7845685482025146
5,19,0,3,326,0,0.07474764436483383
5,30,5,2,43,1,0.3843246400356293
5,38,10,2,399,0,0.9996708631515503
5,6,20,3,40,0,0.0004139290249440819
5,31,10,3,63,0,0.3364686369895935
5,45,25,3,139,0,0.012207322753965855
5,44,15,2,122,0,0.00048483521095477045
5,9,0,3,29,1,0.05540069192647934
5,3,0,3,18,0,0.9728683829307556
5,8,5,3,193,1,0.011173209175467491
5,22,10,3,71,0,0.7259831428527832
5,1,10,3,356,0,0.3362733721733093
5,15,15,3,130,1,0.9160408973693848
5,19,10,3,326,0,0.9249218106269836
5,20,5,3,346,0,0.34148970246315
5,2,20,3,399,1,0.9475751519203186
5,15,0,3,130,1,0.8162808418273926
5,19,20,3,326,0,0.020510485395789146
5,8,15,3,193,1,0.07752366364002228
5,28,10,2,373,0,0.9856826663017273
5,36,15,3,20,0,0.009203629568219185
5,29,20,2,410,0,0.8839932680130005
5,44,25,2,122,0,4.179487223154865e-05
5,29,25,2,410,0,0.7590383291244507
5,39,25,2,415,0,0.004325172398239374
5,8,10,3,193,1,0.0023443789687007666
5,45,10,3,139,0,0.049701105803251266
5,11,10,3,349,1,0.29914605617523193
5,25,0,2,201,0,0.4366873502731323
5,26,5,3,24,0,0.963527262210846
5,7,10,3,105,0,0.0027563399635255337
5,44,0,2,122,0,0.014093312434852123
5,21,0,3,51,1,0.7960380911827087
5,38,25,2,399,0,0.9230116605758667
5,24,0,2,171,0,0.8260193467140198
5,34,0,2,208,1,0.9997236132621765
5,26,10,3,24,0,0.9931116104125977
5,13,5,3,51,1,0.7618963122367859
5,23,5,2,151,0,0.9802758693695068
5,8,0,3,193,1,0.6194562315940857
5,45,20,3,139,0,0.00032041402300819755
5,37,20,2,318,1,0.04398024454712868
5,5,25,2,487,1,0.9711058139801025
5,3,20,3,18,0,0.1780398190021515
5,39,15,2,415,0,0.00042268229299224913
5,4,25,3,413,1,0.012337624095380306
5,10,5,3,241,0,0.9965881109237671
5,1,15,3,356,0,0.5060332417488098
5,28,15,2,373,0,0.9841558933258057
5,42,15,3,65,0,4.3089137761853635e-05
5,4,10,3,413,1,0.0017514602513983846
5,6,15,3,40,0,0.003358534537255764
5,4,20,3,413,1,0.0006281515234149992
5,44,10,2,122,0,0.000935605086851865
5,0,20,3,31,0,0.21935436129570007
5,5,0,2,487,1,0.002079540165141225
5,8,25,3,193,1,0.01887620985507965
5,29,10,2,410,0,0.13892555236816406
5,29,0,2,410,0,0.18098998069763184
5,43,25,2,94,1,0.9442142248153687
5,39,20,2,415,0,0.005609286017715931
5,41,10,3,43,0,0.007892129942774773
5,5,5,2,487,1,0.0012269632425159216
5,41,5,3,43,0,0.001326375873759389
5,31,25,3,63,0,0.9438702464103699
5,34,5,2,208,1,0.9982208609580994
5,20,20,3,346,0,0.053466904908418655
5,34,25,2,208,1,0.9994255304336548
5,38,5,2,399,0,0.9988076686859131
5,32,15,3,103,0,0.01731814071536064
5,34,20,2,208,1,0.9998387098312378
5,13,0,3,51,1,0.9956358075141907
5,40,0,3,443,0,0.9927189350128174
5,27,0,2,258,0,0.9966439008712769
5,7,15,3,105,0,0.0002095673407893628
5,0,25,3,31,0,0.7589982748031616
5,36,0,3,20,0,0.028530193492770195
5,21,20,3,51,1,0.8000207543373108
5,39,5,2,415,0,0.008534109219908714
5,24,15,2,171,0,0.998918890953064
5,43,0,2,94,1,0.002867758506909013
5,43,20,2,94,1,0.8214232325553894
5,31,15,3,63,0,0.37245091795921326
5,37,10,2,318,1,0.10679327696561813
5,14,0,3,81,1,0.9451077580451965
5,35,25,2,241,1,0.8481614589691162
5,46,15,3,158,0,0.10703851282596588
5,7,25,3,105,0,3.769219256355427e-05
5,45,0,3,139,0,0.0004867764364462346
5,38,0,2,399,0,0.9924629926681519
5,20,10,3,346,0,0.4028783440589905
5,37,5,2,318,1,0.5113903880119324
5,32,20,3,103,0,0.23434416949748993
5,0,15,3,31,0,0.9801682233810425
5,2,10,3,399,1,0.9545697569847107
5,1,0,3,356,0,0.25381913781166077
5,3,5,3,18,0,0.1599545031785965
6,25,15,3,65,0,0.6501216292381287
6,16,20,2,33,0,0.7771040201187134
6,38,25,2,268,0,0.31710290908813477
6,39,25,2,292,0,0.6743605136871338
6,26,5,3,139,0,0.99941086769104
6,14,5,2,407,0,0.04092461243271828
6,28,20,3,177,0,0.9944601058959961
6,50,15,2,445,1,0.9597105383872986
6,50,25,2,445,1,0.9044491648674011
6,39,5,2,292,0,0.6362142562866211
6,44,0,3,209,0,0.049803104251623154
6,33,25,2,33,0,0.8076768517494202
6,44,15,3,209,0,0.039270855486392975
6,24,15,2,48,0,0.9960349202156067
6,27,20,3,157,0,0.9993233680725098
6,54,20,2,94,1,0.6884041428565979
6,0,25,2,32,0,0.6998629570007324
6,4,5,2,152,0,0.14058126509189606
6,33,0,2,33,0,0.5402378439903259
6,56,5,2,137,0,0.631823718547821
6,39,20,2,292,0,0.7737634181976318
6,55,15,3,115,0,0.3261266350746155
6,21,5,2,327,0,0.10449539124965668
6,16,25,2,33,0,0.5750987529754639
6,35,5,2,103,0,0.46533381938934326
6,22,10,2,346,0,0.5822099447250366
6,52,5,2,55,0,0.5380749702453613
6,44,10,3,209,0,0.011780128814280033
6,21,15,2,327,0,0.48103994131088257
6,20,20,2,26,0,0.9974043965339661
6,4,25,2,152,0,0.3199070692062378
6,50,10,2,445,1,0.7027122974395752
6,21,10,2,327,0,0.42516404390335083
6,49,5,2,319,0,0.17331545054912567
6,47,25,2,235,1,0.9379702210426331
6,6,0,2,225,0,0.9840465188026428
6,9,5,3,274,0,0.06712310761213303
6,9,10,3,274,0,0.09757933765649796
6,4,20,2,152,0,0.3701428771018982
6,6,20,2,225,0,0.7782395482063293
6,38,5,2,268,0,0.05432593449950218
6,1,20,2,295,0,0.6902226805686951
6,42,20,3,111,0,0.20797120034694672
6,55,5,3,115,0,0.36675935983657837
6,40,15,3,350,0,0.12774518132209778
6,51,25,3,32,0,0.352733314037323
6,0,15,2,32,0,0.967677116394043
6,16,10,2,33,0,0.5837509632110596
6,8,10,2,6,0,0.9923143982887268
6,7,5,2,246,0,0.9781451225280762
6,6,10,2,225,0,0.9929732084274292
6,38,15,2,268,0,0.13966748118400574
6,15,5,2,429,0,0.8025646805763245
6,55,10,3,115,0,0.41242319345474243
6,47,15,2,235,1,0.8944499492645264
6,17,10,3,116,0,0.11177559942007065
6,5,10,3,206,0,0.06090069189667702
6,32,25,2,435,1,0.5802436470985413
6,45,5,2,16,0,0.6936684250831604
6,28,10,3,177,0,0.9997579455375671
6,15,0,2,429,0,0.9634698033332825
6,24,0,2,48,0,0.9956104159355164
6,24,10,2,48,0,0.986403226852417
6,1,15,2,295,0,0.385990709066391
6,14,20,2,407,0,0.01696435920894146
6,53,0,2,74,0,0.9170900583267212
6,3,0,2,118,0,0.9838423728942871
6,29,10,2,12,1,0.7768135070800781
6,41,20,3,40,0,0.17657867074012756
6,14,25,2,407,0,0.022837365046143532
6,2,10,2,63,0,0.6515921950340271
6,21,20,2,327,0,0.4921647608280182
6,56,15,2,137,0,0.710740327835083
6,18,15,3,179,0,0.11815617978572845
6,25,5,3,65,0,0.42442914843559265
6,25,10,3,65,0,0.3078724443912506
6,35,20,2,103,0,0.2527264952659607
6,10,25,2,320,0,0.8808417320251465
6,39,15,2,292,0,0.8158882260322571
6,22,25,2,346,0,0.2153783142566681
6,17,25,3,116,0,0.08301842957735062
6,7,25,2,246,0,0.9417381882667542
6,38,10,2,268,0,0.1838262379169464
6,9,20,3,274,0,0.30712786316871643
6,52,25,2,55,0,0.7923821806907654
6,27,5,3,157,0,0.9989058971405029
6,2,25,2,63,0,0.9428331255912781
6,20,25,2,26,0,0.9983060359954834
6,12,0,2,366,0,0.6070751547813416
6,41,0,3,40,0,0.1728355884552002
6,26,25,3,139,0,0.9401456117630005
6,52,10,2,55,0,0.18145650625228882
6,18,25,3,179,0,0.4764915704727173
6,5,0,3,206,0,0.11024365574121475
6,48,10,2,290,0,0.9613938331604004
6,21,0,2,327,0,0.16780605912208557
6,40,20,3,350,0,0.0486619770526886
6,52,20,2,55,0,0.5741047859191895
6,26,10,3,139,0,0.9876921772956848
6,29,5,2,12,1,0.3250194787979126
6,47,0,2,235,1,0.8135791420936584
6,37,10,3,17,0,0.34110984206199646
6,37,0,3,17,0,0.33408164978027344
6,26,20,3,139,0,0.992455005645752
6,0,5,2,32,0,0.9438190460205078
6,37,5,3,17,0,0.3012482225894928
6,15,15,2,429,0,0.9437682032585144
6,38,20,2,268,0,0.12110012769699097
6,26,15,3,139,0,0.9730218052864075
6,35,10,2,103,0,0.1935313493013382
6,3,5,2,118,0,0.9319083094596863
6,35,0,2,103,0,0.4472854435443878
6,41,25,3,40,0,0.23011063039302826
6,13,5,2,387,0,0.7673386931419373
6,51,10,3,32,0,0.19629894196987152
6,30,0,2,288,0,0.12004923075437546
6,56,20,2,137,0,0.4954611659049988
6,1,25,2,295,0,0.7383549213409424
6,7,10,2,246,0,0.7154281139373779
6,50,20,2,445,1,0.9802867770195007
6,53,25,2,74,0,0.45921799540519714
6,11,15,2,338,0,0.19836458563804626
6,14,10,2,407,0,0.16017040610313416
6,19,0,2,255,0,0.6400253772735596
6,55,25,3,115,0,0.21943090856075287
6,37,20,3,17,0,0.17678290605545044
6,45,10,2,16,0,0.8909754753112793
6,43,0,2,132,0,0.22174330055713654
6,57,25,3,184,0,0.1822180151939392
6,32,0,2,435,1,0.9184397459030151
6,9,25,3,274,0,0.4149472415447235
6,22,0,2,346,0,0.19702507555484772
6,13,15,2,387,0,0.7522401213645935
6,33,10,2,33,0,0.4485146403312683
6,2,20,2,63,0,0.9638755321502686
6,57,20,3,184,0,0.1392701119184494
6,42,25,3,111,0,0.24614618718624115
6,22,20,2,346,0,0.19859111309051514
6,31,25,2,415,1,0.062184229493141174
6,56,10,2,137,0,0.6861530542373657
6,25,20,3,65,0,0.8153088092803955
6,42,0,3,111,0,0.20284225046634674
6,29,20,2,12,1,0.36709484457969666
6,57,0,3,184,0,0.22209365665912628
6,34,5,2,55,0,0.8982752561569214
6,7,20,2,246,0,0.2539544701576233
6,51,20,3,32,0,0.4048041105270386
6,17,0,3,116,0,0.07409916073083878
6,48,0,2,290,0,0.39893901348114014
6,11,10,2,338,0,0.3089936375617981
6,42,10,3,111,0,0.17003941535949707
6,43,20,2,132,0,0.34505870938301086
6,37,15,3,17,0,0.26700088381767273
6,49,10,2,319,0,0.20671012997627258
6,34,15,2,55,0,0.5250676870346069
6,6,25,2,225,0,0.9485171437263489
6,27,25,3,157,0,0.9989262223243713
6,41,10,3,40,0,0.13666704297065735
6,3,15,2,118,0,0.9606214761734009
6,11,5,2,338,0,0.42265304923057556
6,46,15,3,209,0,0.47701993584632874
6,8,15,2,6,0,0.995693027973175
6,53,10,2,74,0,0.8866333961486816
6,50,0,2,445,1,0.9945120811462402
6,36,0,2,250,1,0.8343561291694641
6,23,25,2,396,0,0.3889114260673523
6,45,0,2,16,0,0.7635939717292786
6,18,10,3,179,0,0.09284725785255432
6,3,10,2,118,0,0.9410614967346191
6,41,15,3,40,0,0.11921994388103485
6,23,15,2,396,0,0.18676511943340302
6,52,15,2,55,0,0.35005107522010803
6,47,5,2,235,1,0.6574516296386719
6,2,5,2,63,0,0.5533620119094849
6,42,5,3,111,0,0.11969401687383652
6,23,20,2,396,0,0.08591420948505402
6,0,0,2,32,0,0.9934865236282349
6,35,15,2,103,0,0.1265796273946762
6,19,25,2,255,0,0.23175105452537537
6,50,5,2,445,1,0.9771552085876465
6,28,25,3,177,0,0.988640308380127
6,38,0,2,268,0,0.099310964345932
6,14,0,2,407,0,0.0076460507698357105
6,15,20,2,429,0,0.7088403701782227
6,10,0,2,320,0,0.11478762328624725
6,1,10,2,295,0,0.10752987861633301
6,57,10,3,184,0,0.11711197346448898
6,37,25,3,17,0,0.23489142954349518
6,47,20,2,235,1,0.9130709171295166
6,45,20,2,16,0,0.6068068742752075
6,20,15,2,26,0,0.9967949986457825
6,36,15,2,250,1,0.886542797088623
6,31,15,2,415,1,0.018993357196450233
6,17,5,3,116,0,0.029826458543539047
6,54,15,2,94,1,0.6046327948570251
6,23,0,2,396,0,0.3096463680267334
6,54,5,2,94,1,0.4676041007041931
6,18,20,3,179,0,0.1850702166557312
6,10,5,2,320,0,0.281785249710083
6,36,25,2,250,1,0.9427129626274109
6,2,15,2,63,0,0.6947851777076721
6,43,10,2,132,0,0.41220468282699585
6,44,25,3,209,0,0.05611308291554451
6,53,20,2,74,0,0.4223068356513977
6,16,15,2,33,0,0.9229786992073059
6,46,20,3,209,0,0.5494349598884583
6,17,20,3,116,0,0.12139195203781128
6,49,15,2,319,0,0.15307892858982086
6,47,10,2,235,1,0.8236104846000671
6,49,0,2,319,0,0.7370865941047668
6,19,5,2,255,0,0.23184308409690857
6,23,5,2,396,0,0.09281587600708008
6,51,15,3,32,0,0.2055392563343048
6,45,15,2,16,0,0.8647190928459167
6,22,15,2,346,0,0.36660298705101013
6,39,0,2,292,0,0.4625190198421478
6,40,10,3,350,0,0.09008564800024033
6,29,15,2,12,1,0.5701934695243835
6,49,20,2,319,0,0.31475570797920227
6,44,20,3,209,0,0.0635765939950943
6,8,20,2,6,0,0.994144856929779
6,33,5,2,33,0,0.3886982798576355
6,28,0,3,177,0,0.9997984766960144
6,12,10,2,366,0,0.10202010720968246
6,40,0,3,350,0,0.10184002667665482
6,25,0,3,65,0,0.6780267357826233
6,13,20,2,387,0,0.9306555390357971
6,31,5,2,415,1,0.08257162570953369
6,43,15,2,132,0,0.33538269996643066
6,11,0,2,338,0,0.4006544351577759
6,48,25,2,290,0,0.9284359216690063
6,3,25,2,118,0,0.911611020565033
6,12,25,2,366,0,0.038618315011262894
6,28,5,3,177,0,0.9997701048851013
6,4,10,2,152,0,0.26860401034355164
6,4,0,2,152,0,0.35227397084236145
6,32,20,2,435,1,0.4919723570346832
6,46,0,3,209,0,0.6712353229522705
6,44,5,3,209,0,0.05711524188518524
6,55,0,3,115,0,0.12547950446605682
6,27,0,3,157,0,0.99901282787323
6,13,0,2,387,0,0.974187433719635
6,34,10,2,55,0,0.7798384428024292
6,20,10,2,26,0,0.9988580942153931
6,33,20,2,33,0,0.8128600716590881
6,24,5,2,48,0,0.9913210272789001
6,0,10,2,32,0,0.8139084577560425
6,40,25,3,350,0,0.07460428774356842
6,11,25,2,338,0,0.1146743893623352
6,46,5,3,209,0,0.4845227301120758
6,24,20,2,48,0,0.9642888307571411
6,19,10,2,255,0,0.08145400136709213
6,8,0,2,6,0,0.9654552340507507
6,56,25,2,137,0,0.7584635615348816
6,10,20,2,320,0,0.3439631164073944
6,6,15,2,225,0,0.8935260772705078
6,26,0,3,139,0,0.983737587928772
6,57,5,3,184,0,0.06579579412937164
6,48,20,2,290,0,0.9590859413146973
6,7,0,2,246,0,0.9758049845695496
6,54,0,2,94,1,0.4633707106113434
6,10,10,2,320,0,0.12568619847297668
6,43,5,2,132,0,0.36753562092781067
6,10,15,2,320,0,0.09450095146894455
6,29,0,2,12,1,0.2520119547843933
6,46,10,3,209,0,0.2820793390274048
6,54,25,2,94,1,0.666923999786377
6,31,20,2,415,1,0.04645245894789696
6,45,25,2,16,0,0.5321732759475708
6,28,15,3,177,0,0.9994481205940247
6,27,15,3,157,0,0.9997252821922302
6,29,25,2,12,1,0.04394447058439255
6,48,15,2,290,0,0.9919885396957397
6,34,25,2,55,0,0.22163015604019165
6,1,5,2,295,0,0.18501339852809906
6,56,0,2,137,0,0.3860801160335541
6,53,15,2,74,0,0.48120465874671936
6,5,25,3,206,0,0.27754437923431396
6,36,20,2,250,1,0.9679141640663147
6,30,5,2,288,0,0.1391882449388504
6,4,15,2,152,0,0.2490907460451126
6,13,25,2,387,0,0.9832653999328613
6,32,15,2,435,1,0.6311553120613098
6,1,0,2,295,0,0.5882541537284851
6,15,10,2,429,0,0.6174387335777283
6,19,15,2,255,0,0.26714298129081726
6,0,20,2,32,0,0.7037369608879089
6,48,5,2,290,0,0.8298930525779724
6,39,10,2,292,0,0.8101886510848999
6,16,5,2,33,0,0.05753587186336517
6,57,15,3,184,0,0.13286425173282623
6,34,20,2,55,0,0.0517425462603569
6,20,5,2,26,0,0.9989510774612427
6,8,5,2,6,0,0.9445047974586487
6,20,0,2,26,0,0.9989235997200012
6,8,25,2,6,0,0.9423326849937439
6,7,15,2,246,0,0.19825339317321777
6,5,15,3,206,0,0.13594511151313782
6,41,5,3,40,0,0.12216132879257202
6,33,15,2,33,0,0.8902666568756104
6,30,10,2,288,0,0.07334724068641663
6,42,15,3,111,0,0.1339949667453766
6,52,0,2,55,0,0.8542503714561462
6,16,0,2,33,0,0.26287224888801575
6,5,5,3,206,0,0.022508691996335983
6,5,20,3,206,0,0.08755317330360413
6,18,0,3,179,0,0.2810601592063904
6,14,15,2,407,0,0.13770245015621185
6,51,0,3,32,0,0.12932227551937103
6,27,10,3,157,0,0.9994428753852844
6,40,5,3,350,0,0.059144049882888794
6,22,5,2,346,0,0.2592093050479889
6,2,0,2,63,0,0.7718950510025024
6,30,20,2,288,0,0.15904948115348816
6,3,20,2,118,0,0.9026540517807007
6,12,20,2,366,0,0.10052954405546188
6,21,25,2,327,0,0.3634920120239258
6,34,0,2,55,0,0.5129146575927734
6,53,5,2,74,0,0.9766069054603577
6,15,25,2,429,0,0.41218557953834534
6,32,5,2,435,1,0.921920895576477
6,30,25,2,288,0,0.09494594484567642
6,55,20,3,115,0,0.3212204575538635
6,9,15,3,274,0,0.17239725589752197
6,35,25,2,103,0,0.21233078837394714
6,46,25,3,209,0,0.3474246561527252
6,31,10,2,415,1,0.010764786042273045
6,12,5,2,366,0,0.27869296073913574
6,9,0,3,274,0,0.12398205697536469
6,30,15,2,288,0,0.18439918756484985
6,23,10,2,396,0,0.07152361422777176
6,13,10,2,387,0,0.5890608429908752
6,12,15,2,366,0,0.08303427696228027
6,24,25,2,48,0,0.8478772044181824
6,17,15,3,116,0,0.20968595147132874
6,25,25,3,65,0,0.949669361114502
6,36,5,2,250,1,0.817105233669281
6,54,10,2,94,1,0.4553160071372986
6,19,20,2,255,0,0.37835589051246643
6,49,25,2,319,0,0.6338313817977905
6,6,5,2,225,0,0.9973211884498596
6,11,20,2,338,0,0.199805349111557
6,51,5,3,32,0,0.145328089594841
6,43,25,2,132,0,0.3185731768608093
6,36,10,2,250,1,0.64132159948349
6,18,5,3,179,0,0.12630507349967957
6,32,10,2,435,1,0.6464971303939819
6,31,0,2,415,1,0.1650008112192154
